customer_id,city,state,segment,registration_date
C100001,Bengaluru,West Bengal,Consumer,2024-10-12
C100002,Kolkata,Maharashtra,Consumer,2026-01-28
C100003,Pune,Tamil Nadu,Consumer,2024-02-01
C100004,Hyderabad,Gujarat,Consumer,2025-02-05
C100005,Hyderabad,Maharashtra,Consumer,2025-12-21
C100006,Kolkata,Gujarat,Consumer,2026-05-07
C100007,Bengaluru,West Bengal,Home Office,2024-08-14
C100008,Pune,Tamil Nadu,Consumer,2025-08-08
C100009,Mumbai,Maharashtra,Corporate,2024-06-19
C100010,Bengaluru,Tamil Nadu,Consumer,2024-04-14
C100011,Chennai,Delhi,Corporate,2024-11-13
C100012,Ahmedabad,West Bengal,Consumer,2026-03-07
C100013,Pune,Maharashtra,Consumer,2025-09-12
C100014,Kolkata,Delhi,Home Office,2025-03-16
C100015,Pune,Tamil Nadu,Consumer,2024-09-11
C100016,Kolkata,West Bengal,Consumer,2024-05-07
C100017,Chennai,Telangana,Corporate,2024-08-31
C100018,Mumbai,Telangana,Corporate,2024-05-17
C100019,Kolkata,Karnataka,Consumer,2024-06-17
C100020,Hyderabad,Karnataka,Consumer,2025-09-10
C100021,Chennai,Karnataka,Home Office,2024-04-29
C100022,Delhi,Karnataka,Corporate,2024-02-12
C100023,Mumbai,West Bengal,Home Office,2025-05-03
C100024,Ahmedabad,West Bengal,Consumer,2024-09-14
C100025,Kolkata,West Bengal,Corporate,2025-02-13
C100026,Pune,Karnataka,Consumer,2024-05-05
C100027,Hyderabad,Karnataka,Home Office,2024-07-07
C100028,Kolkata,Delhi,Consumer,2025-01-31
C100029,Chennai,Tamil Nadu,Corporate,2025-09-13
C100030,Hyderabad,Delhi,Consumer,2025-01-07
C100031,Hyderabad,Telangana,Consumer,2025-05-02
C100032,Mumbai,Maharashtra,Corporate,2025-04-14
C100033,Bengaluru,Maharashtra,Consumer,2024-08-29
C100034,Chennai,Delhi,Home Office,2024-09-08
C100035,Ahmedabad,Karnataka,Consumer,2025-01-18
C100036,Bengaluru,Maharashtra,Consumer,2024-01-29
C100037,Kolkata,Gujarat,Consumer,2025-09-08
C100038,Kolkata,Karnataka,Consumer,2025-07-06
C100039,Delhi,Telangana,Consumer,2024-10-02
C100040,Pune,West Bengal,Consumer,2024-12-02
C100041,Mumbai,Maharashtra,Consumer,2024-10-22
C100042,Kolkata,West Bengal,Corporate,2025-08-09
C100043,Pune,Telangana,Corporate,2025-11-14
C100044,Delhi,Delhi,Corporate,2024-04-07
C100045,Bengaluru,Maharashtra,Consumer,2025-01-06
C100046,Ahmedabad,Maharashtra,Consumer,2024-01-13
C100047,Hyderabad,Maharashtra,Consumer,2025-02-11
C100048,Ahmedabad,Tamil Nadu,Corporate,2024-08-11
C100049,Pune,Maharashtra,Home Office,2024-10-29
C100050,Kolkata,Karnataka,Consumer,2025-02-14
C100051,Kolkata,Tamil Nadu,Corporate,2024-10-18
C100052,Mumbai,Delhi,Consumer,2024-12-20
C100053,Delhi,Tamil Nadu,Consumer,2025-11-19
C100054,Hyderabad,Gujarat,Consumer,2025-12-30
C100055,Hyderabad,Karnataka,Consumer,2024-01-06
C100056,Bengaluru,Gujarat,Corporate,2024-12-06
C100057,Chennai,Telangana,Home Office,2026-02-01
C100058,Mumbai,West Bengal,Consumer,2025-04-22
C100059,Pune,Telangana,Consumer,2024-07-03
C100060,Pune,Delhi,Corporate,2025-06-18
C100061,Ahmedabad,West Bengal,Home Office,2024-05-10
C100062,Pune,Maharashtra,Consumer,2024-01-20
C100063,Delhi,Maharashtra,Consumer,2025-07-23
C100064,Ahmedabad,Maharashtra,Consumer,2025-04-08
C100065,Hyderabad,West Bengal,Consumer,2025-11-11
C100066,Delhi,Telangana,Home Office,2024-11-06
C100067,Ahmedabad,Gujarat,Consumer,2026-02-07
C100068,Delhi,Maharashtra,Corporate,2025-01-14
C100069,Bengaluru,Delhi,Consumer,2025-10-26
C100070,Hyderabad,Karnataka,Consumer,2024-03-31
C100071,Kolkata,Maharashtra,Home Office,2024-03-28
C100072,Mumbai,Maharashtra,Consumer,2025-12-05
C100073,Hyderabad,West Bengal,Consumer,2026-01-20
C100074,Mumbai,Tamil Nadu,Home Office,2026-04-28
C100075,Pune,Telangana,Home Office,2024-10-19
C100076,Hyderabad,Maharashtra,Consumer,2024-01-21
C100077,Delhi,Maharashtra,Consumer,2026-05-31
C100078,Mumbai,Maharashtra,Consumer,2025-06-25
C100079,Chennai,Telangana,Consumer,2024-08-10
C100080,Pune,West Bengal,Consumer,2025-11-18
C100081,Ahmedabad,Gujarat,Consumer,2026-03-24
C100082,Hyderabad,Gujarat,Home Office,2024-09-13
C100083,Mumbai,Gujarat,Home Office,2025-11-23
C100084,Kolkata,Tamil Nadu,Corporate,2025-12-09
C100085,Pune,Maharashtra,Home Office,2025-03-27
C100086,Pune,West Bengal,Corporate,2025-07-23
C100087,Bengaluru,West Bengal,Corporate,2024-08-30
C100088,Delhi,Gujarat,Corporate,2026-04-16
C100089,Kolkata,Maharashtra,Consumer,2026-06-03
C100090,Kolkata,Maharashtra,Consumer,2026-06-01
C100091,Hyderabad,Tamil Nadu,Consumer,2025-10-25
C100092,Kolkata,Telangana,Consumer,2024-02-08
C100093,Kolkata,West Bengal,Consumer,2024-11-25
C100094,Hyderabad,Telangana,Consumer,2025-02-04
C100095,Ahmedabad,Delhi,Consumer,2026-05-13
C100096,Delhi,Karnataka,Consumer,2025-05-07
C100097,Mumbai,West Bengal,Consumer,2025-04-27
C100098,Pune,West Bengal,Corporate,2024-05-12
C100099,Pune,Karnataka,Home Office,2025-12-15
C100100,Mumbai,Telangana,Consumer,2024-10-29
C100101,Kolkata,Telangana,Consumer,2024-03-23
C100102,Mumbai,Telangana,Consumer,2026-06-07
C100103,Kolkata,Gujarat,Corporate,2024-06-20
C100104,Bengaluru,Maharashtra,Corporate,2024-01-15
C100105,Kolkata,Delhi,Consumer,2024-03-11
C100106,Kolkata,Maharashtra,Corporate,2025-02-11
C100107,Kolkata,Maharashtra,Consumer,2024-04-02
C100108,Pune,Gujarat,Consumer,2026-01-28
C100109,Hyderabad,Gujarat,Home Office,2025-04-06
C100110,Pune,Karnataka,Consumer,2024-10-18
C100111,Delhi,Maharashtra,Consumer,2024-01-03
C100112,Kolkata,Maharashtra,Consumer,2025-03-07
C100113,Chennai,Maharashtra,Consumer,2024-05-16
C100114,Hyderabad,Delhi,Home Office,2026-05-30
C100115,Chennai,Maharashtra,Home Office,2024-09-18
C100116,Chennai,Telangana,Consumer,2025-03-03
C100117,Bengaluru,Gujarat,Consumer,2024-01-17
C100118,Mumbai,Tamil Nadu,Corporate,2024-04-27
C100119,Mumbai,Maharashtra,Consumer,2024-07-05
C100120,Bengaluru,Telangana,Home Office,2024-02-16
C100121,Hyderabad,Karnataka,Corporate,2025-10-15
C100122,Pune,Karnataka,Consumer,2026-04-30
C100123,Pune,Delhi,Corporate,2026-06-05
C100124,Hyderabad,Maharashtra,Consumer,2024-08-27
C100125,Kolkata,West Bengal,Consumer,2025-12-10
C100126,Chennai,West Bengal,Consumer,2025-03-29
C100127,Bengaluru,West Bengal,Consumer,2024-02-11
C100128,Kolkata,Maharashtra,Corporate,2024-03-22
C100129,Chennai,Tamil Nadu,Corporate,2025-05-08
C100130,Pune,Maharashtra,Home Office,2025-01-16
C100131,Chennai,Telangana,Home Office,2024-01-08
C100132,Chennai,Maharashtra,Consumer,2026-04-17
C100133,Bengaluru,West Bengal,Consumer,2025-10-19
C100134,Chennai,West Bengal,Corporate,2025-03-28
C100135,Kolkata,Tamil Nadu,Home Office,2026-06-07
C100136,Delhi,Karnataka,Consumer,2026-05-24
C100137,Chennai,Maharashtra,Consumer,2026-05-26
C100138,Bengaluru,Delhi,Consumer,2024-08-20
C100139,Delhi,Maharashtra,Consumer,2026-03-03
C100140,Hyderabad,Tamil Nadu,Corporate,2025-03-30
C100141,Ahmedabad,Gujarat,Consumer,2025-10-15
C100142,Mumbai,Delhi,Corporate,2026-02-12
C100143,Delhi,Gujarat,Corporate,2024-05-26
C100144,Hyderabad,West Bengal,Corporate,2025-02-07
C100145,Ahmedabad,Delhi,Consumer,2024-04-26
C100146,Kolkata,Telangana,Consumer,2024-09-08
C100147,Bengaluru,Tamil Nadu,Corporate,2025-01-07
C100148,Mumbai,West Bengal,Corporate,2026-02-08
C100149,Kolkata,Maharashtra,Consumer,2026-02-15
C100150,Bengaluru,West Bengal,Home Office,2024-12-16
C100151,Kolkata,Delhi,Consumer,2024-10-23
C100152,Delhi,Tamil Nadu,Home Office,2025-04-22
C100153,Ahmedabad,Telangana,Consumer,2026-03-31
C100154,Delhi,Gujarat,Consumer,2026-05-28
C100155,Hyderabad,Delhi,Consumer,2024-07-23
C100156,Pune,Tamil Nadu,Consumer,2024-06-16
C100157,Mumbai,Karnataka,Consumer,2025-09-28
C100158,Chennai,West Bengal,Consumer,2024-09-28
C100159,Chennai,Telangana,Consumer,2024-06-28
C100160,Kolkata,Delhi,Corporate,2024-01-28
C100161,Ahmedabad,Tamil Nadu,Consumer,2024-12-28
C100162,Pune,Telangana,Corporate,2024-12-18
C100163,Hyderabad,West Bengal,Corporate,2025-05-21
C100164,Hyderabad,Tamil Nadu,Consumer,2024-06-29
C100165,Hyderabad,Tamil Nadu,Consumer,2025-10-04
C100166,Kolkata,Karnataka,Home Office,2025-09-04
C100167,Delhi,Karnataka,Corporate,2025-02-20
C100168,Mumbai,Telangana,Consumer,2024-06-12
C100169,Delhi,Gujarat,Corporate,2025-04-01
C100170,Bengaluru,Gujarat,Consumer,2025-08-30
C100171,Bengaluru,Maharashtra,Consumer,2024-12-01
C100172,Bengaluru,Maharashtra,Corporate,2024-08-25
C100173,Kolkata,Telangana,Consumer,2025-03-31
C100174,Pune,Maharashtra,Corporate,2024-11-15
C100175,Pune,Karnataka,Consumer,2024-12-26
C100176,Hyderabad,Delhi,Corporate,2024-11-09
C100177,Pune,Delhi,Consumer,2024-09-30
C100178,Mumbai,Maharashtra,Consumer,2025-10-07
C100179,Ahmedabad,Delhi,Consumer,2025-02-18
C100180,Chennai,Karnataka,Consumer,2025-02-23
C100181,Ahmedabad,Tamil Nadu,Corporate,2025-08-10
C100182,Mumbai,Gujarat,Consumer,2024-11-21
C100183,Hyderabad,Maharashtra,Consumer,2024-03-31
C100184,Pune,Telangana,Consumer,2026-02-06
C100185,Hyderabad,Telangana,Consumer,2024-02-20
C100186,Hyderabad,Delhi,Corporate,2025-05-29
C100187,Mumbai,Maharashtra,Consumer,2024-08-27
C100188,Hyderabad,Tamil Nadu,Home Office,2024-07-11
C100189,Mumbai,Tamil Nadu,Consumer,2024-02-07
C100190,Delhi,Karnataka,Corporate,2026-03-21
C100191,Pune,Telangana,Consumer,2025-01-21
C100192,Pune,Delhi,Consumer,2024-11-04
C100193,Chennai,Maharashtra,Home Office,2025-10-29
C100194,Delhi,Maharashtra,Home Office,2024-02-05
C100195,Ahmedabad,Tamil Nadu,Home Office,2025-05-23
C100196,Bengaluru,Maharashtra,Consumer,2025-03-21
C100197,Delhi,Maharashtra,Consumer,2025-05-13
C100198,Bengaluru,Gujarat,Corporate,2024-04-21
C100199,Delhi,West Bengal,Consumer,2026-05-07
C100200,Ahmedabad,Tamil Nadu,Corporate,2024-08-02
C100201,Delhi,Gujarat,Consumer,2025-09-02
C100202,Ahmedabad,Telangana,Consumer,2025-11-03
C100203,Hyderabad,Gujarat,Corporate,2024-11-05
C100204,Pune,West Bengal,Corporate,2024-04-27
C100205,Hyderabad,Maharashtra,Consumer,2024-09-24
C100206,Delhi,Gujarat,Consumer,2025-12-27
C100207,Kolkata,Tamil Nadu,Consumer,2026-03-26
C100208,Ahmedabad,Maharashtra,Consumer,2026-04-23
C100209,Delhi,Delhi,Consumer,2024-07-22
C100210,Kolkata,Gujarat,Consumer,2025-06-29
C100211,Delhi,Tamil Nadu,Corporate,2024-05-15
C100212,Pune,West Bengal,Corporate,2025-10-01
C100213,Kolkata,Telangana,Consumer,2025-01-09
C100214,Hyderabad,West Bengal,Consumer,2025-10-04
C100215,Pune,Karnataka,Consumer,2025-09-08
C100216,Delhi,Karnataka,Consumer,2026-06-12
C100217,Bengaluru,Tamil Nadu,Consumer,2025-03-15
C100218,Bengaluru,Maharashtra,Consumer,2024-11-03
C100219,Hyderabad,West Bengal,Corporate,2025-04-19
C100220,Ahmedabad,Telangana,Consumer,2024-05-26
C100221,Mumbai,Maharashtra,Consumer,2024-04-10
C100222,Hyderabad,Tamil Nadu,Consumer,2025-04-12
C100223,Pune,Gujarat,Home Office,2026-01-12
C100224,Mumbai,Maharashtra,Consumer,2025-04-24
C100225,Pune,Telangana,Consumer,2025-12-04
C100226,Delhi,Gujarat,Home Office,2024-06-09
C100227,Kolkata,Karnataka,Consumer,2025-02-08
C100228,Chennai,Gujarat,Consumer,2025-07-05
C100229,Chennai,Maharashtra,Home Office,2024-11-08
C100230,Mumbai,Delhi,Consumer,2024-01-13
C100231,Hyderabad,West Bengal,Consumer,2024-03-07
C100232,Kolkata,Maharashtra,Consumer,2026-04-14
C100233,Bengaluru,Gujarat,Consumer,2025-06-28
C100234,Kolkata,Maharashtra,Corporate,2024-08-26
C100235,Hyderabad,Maharashtra,Consumer,2024-08-20
C100236,Pune,Delhi,Consumer,2024-02-05
C100237,Pune,Karnataka,Consumer,2026-04-30
C100238,Hyderabad,Karnataka,Consumer,2024-04-07
C100239,Delhi,Delhi,Consumer,2025-11-14
C100240,Pune,Karnataka,Consumer,2024-08-04
C100241,Mumbai,Tamil Nadu,Home Office,2024-10-29
C100242,Chennai,West Bengal,Consumer,2024-09-03
C100243,Bengaluru,Gujarat,Consumer,2026-01-12
C100244,Pune,Telangana,Consumer,2024-01-30
C100245,Pune,Gujarat,Consumer,2024-11-13
C100246,Bengaluru,Gujarat,Consumer,2024-09-08
C100247,Kolkata,West Bengal,Consumer,2024-09-02
C100248,Hyderabad,Telangana,Consumer,2024-06-22
C100249,Kolkata,Delhi,Home Office,2026-04-01
C100250,Bengaluru,Gujarat,Home Office,2024-12-06
C100251,Mumbai,Maharashtra,Consumer,2025-01-11
C100252,Hyderabad,Telangana,Consumer,2024-12-12
C100253,Mumbai,Karnataka,Consumer,2026-06-01
C100254,Delhi,West Bengal,Consumer,2024-11-01
C100255,Pune,Maharashtra,Consumer,2024-11-03
C100256,Mumbai,Karnataka,Home Office,2024-10-22
C100257,Pune,Maharashtra,Corporate,2024-10-21
C100258,Bengaluru,Tamil Nadu,Corporate,2024-03-21
C100259,Mumbai,Tamil Nadu,Consumer,2025-06-27
C100260,Chennai,West Bengal,Home Office,2024-01-23
C100261,Kolkata,Delhi,Consumer,2024-07-22
C100262,Mumbai,Gujarat,Consumer,2024-06-30
C100263,Delhi,Telangana,Consumer,2024-09-19
C100264,Ahmedabad,West Bengal,Home Office,2025-11-11
C100265,Ahmedabad,Maharashtra,Consumer,2025-06-23
C100266,Chennai,Karnataka,Corporate,2026-06-10
C100267,Hyderabad,Karnataka,Consumer,2024-11-12
C100268,Delhi,Delhi,Home Office,2026-04-15
C100269,Chennai,Gujarat,Consumer,2024-02-10
C100270,Chennai,Karnataka,Consumer,2025-03-29
C100271,Delhi,Delhi,Home Office,2025-12-19
C100272,Bengaluru,Karnataka,Consumer,2025-04-23
C100273,Mumbai,Gujarat,Consumer,2026-04-19
C100274,Ahmedabad,Maharashtra,Consumer,2024-10-10
C100275,Hyderabad,West Bengal,Consumer,2024-01-30
C100276,Hyderabad,Maharashtra,Consumer,2025-11-27
C100277,Hyderabad,Maharashtra,Consumer,2024-03-02
C100278,Kolkata,West Bengal,Consumer,2025-11-19
C100279,Bengaluru,Karnataka,Home Office,2025-10-22
C100280,Bengaluru,West Bengal,Consumer,2026-01-29
C100281,Delhi,Maharashtra,Consumer,2025-03-07
C100282,Hyderabad,Maharashtra,Consumer,2026-03-16
C100283,Pune,Telangana,Consumer,2024-06-01
C100284,Hyderabad,West Bengal,Consumer,2025-01-25
C100285,Hyderabad,Telangana,Home Office,2024-04-19
C100286,Ahmedabad,Karnataka,Home Office,2025-11-21
C100287,Mumbai,Gujarat,Consumer,2025-10-04
C100288,Chennai,Maharashtra,Consumer,2025-12-26
C100289,Chennai,Karnataka,Consumer,2025-11-18
C100290,Hyderabad,Tamil Nadu,Consumer,2024-10-04
C100291,Kolkata,Maharashtra,Consumer,2024-03-02
C100292,Delhi,West Bengal,Corporate,2026-04-16
C100293,Ahmedabad,Telangana,Consumer,2025-03-19
C100294,Delhi,Karnataka,Consumer,2024-03-25
C100295,Chennai,Gujarat,Consumer,2026-04-14
C100296,Chennai,Tamil Nadu,Consumer,2026-06-13
C100297,Kolkata,Delhi,Consumer,2025-02-04
C100298,Hyderabad,Maharashtra,Consumer,2025-11-24
C100299,Delhi,Tamil Nadu,Corporate,2024-02-02
C100300,Bengaluru,Karnataka,Consumer,2024-03-24
C100301,Delhi,West Bengal,Consumer,2024-09-05
C100302,Kolkata,Telangana,Consumer,2025-08-13
C100303,Bengaluru,Maharashtra,Corporate,2024-04-30
C100304,Ahmedabad,Gujarat,Consumer,2024-01-31
C100305,Chennai,Tamil Nadu,Corporate,2025-08-24
C100306,Mumbai,Maharashtra,Home Office,2025-11-24
C100307,Delhi,Delhi,Consumer,2025-10-27
C100308,Chennai,Maharashtra,Corporate,2025-12-20
C100309,Delhi,Telangana,Consumer,2025-12-23
C100310,Bengaluru,West Bengal,Home Office,2025-06-26
C100311,Pune,Tamil Nadu,Consumer,2025-04-12
C100312,Pune,Delhi,Home Office,2026-02-10
C100313,Bengaluru,West Bengal,Consumer,2024-11-09
C100314,Delhi,West Bengal,Consumer,2024-03-29
C100315,Mumbai,Gujarat,Consumer,2025-11-07
C100316,Pune,Delhi,Corporate,2024-09-05
C100317,Pune,Maharashtra,Consumer,2026-05-30
C100318,Pune,Tamil Nadu,Consumer,2025-01-07
C100319,Ahmedabad,Telangana,Corporate,2026-02-05
C100320,Kolkata,Telangana,Home Office,2024-02-08
C100321,Delhi,Karnataka,Consumer,2025-08-16
C100322,Bengaluru,Delhi,Consumer,2025-02-07
C100323,Chennai,Tamil Nadu,Consumer,2025-02-20
C100324,Ahmedabad,Gujarat,Corporate,2024-08-26
C100325,Ahmedabad,West Bengal,Consumer,2026-05-24
C100326,Mumbai,Maharashtra,Home Office,2024-12-19
C100327,Mumbai,Maharashtra,Consumer,2026-02-04
C100328,Bengaluru,Karnataka,Consumer,2025-01-17
C100329,Mumbai,Maharashtra,Consumer,2024-02-13
C100330,Chennai,Delhi,Consumer,2026-03-02
C100331,Chennai,Telangana,Corporate,2024-06-15
C100332,Delhi,Maharashtra,Consumer,2024-08-31
C100333,Delhi,Telangana,Consumer,2026-02-13
C100334,Kolkata,West Bengal,Home Office,2026-03-15
C100335,Hyderabad,Tamil Nadu,Home Office,2026-04-05
C100336,Kolkata,Gujarat,Home Office,2025-01-18
C100337,Ahmedabad,Maharashtra,Consumer,2025-11-12
C100338,Delhi,Delhi,Consumer,2024-10-22
C100339,Mumbai,West Bengal,Home Office,2025-10-28
C100340,Ahmedabad,Telangana,Consumer,2025-03-28
C100341,Pune,Tamil Nadu,Consumer,2024-02-16
C100342,Delhi,Maharashtra,Corporate,2025-01-10
C100343,Chennai,Karnataka,Consumer,2025-02-24
C100344,Chennai,Tamil Nadu,Consumer,2024-08-19
C100345,Ahmedabad,Maharashtra,Home Office,2024-12-03
C100346,Delhi,Gujarat,Consumer,2025-03-28
C100347,Ahmedabad,West Bengal,Consumer,2024-02-14
C100348,Ahmedabad,Maharashtra,Consumer,2024-05-16
C100349,Mumbai,Maharashtra,Consumer,2025-11-21
C100350,Mumbai,Tamil Nadu,Consumer,2024-11-12
C100351,Chennai,Karnataka,Corporate,2025-07-01
C100352,Bengaluru,Telangana,Corporate,2025-05-24
C100353,Delhi,Telangana,Consumer,2025-05-11
C100354,Hyderabad,Gujarat,Consumer,2025-01-07
C100355,Ahmedabad,Maharashtra,Home Office,2025-03-10
C100356,Ahmedabad,Telangana,Consumer,2026-01-11
C100357,Mumbai,Delhi,Consumer,2026-05-18
C100358,Ahmedabad,Maharashtra,Consumer,2024-08-19
C100359,Bengaluru,Karnataka,Corporate,2025-08-25
C100360,Pune,Delhi,Consumer,2026-05-22
C100361,Kolkata,Karnataka,Corporate,2024-01-07
C100362,Ahmedabad,Karnataka,Consumer,2025-12-07
C100363,Mumbai,Delhi,Consumer,2025-03-23
C100364,Ahmedabad,Maharashtra,Consumer,2026-05-20
C100365,Bengaluru,Tamil Nadu,Consumer,2025-06-04
C100366,Chennai,Karnataka,Consumer,2026-01-24
C100367,Hyderabad,Delhi,Consumer,2024-05-29
C100368,Delhi,Telangana,Consumer,2024-05-07
C100369,Bengaluru,Gujarat,Consumer,2026-04-13
C100370,Kolkata,Maharashtra,Consumer,2025-04-18
C100371,Delhi,Gujarat,Consumer,2025-05-17
C100372,Pune,Delhi,Home Office,2024-06-01
C100373,Hyderabad,Telangana,Consumer,2024-07-23
C100374,Delhi,Telangana,Corporate,2026-01-06
C100375,Ahmedabad,Gujarat,Home Office,2024-09-29
C100376,Bengaluru,Gujarat,Consumer,2025-06-09
C100377,Pune,Gujarat,Corporate,2024-10-11
C100378,Pune,West Bengal,Home Office,2024-08-25
C100379,Hyderabad,Tamil Nadu,Consumer,2024-05-29
C100380,Delhi,Tamil Nadu,Consumer,2026-04-16
C100381,Bengaluru,Gujarat,Consumer,2026-04-26
C100382,Ahmedabad,Delhi,Consumer,2024-04-13
C100383,Ahmedabad,Delhi,Consumer,2024-11-13
C100384,Mumbai,Gujarat,Home Office,2025-05-22
C100385,Bengaluru,Telangana,Home Office,2024-12-10
C100386,Bengaluru,Maharashtra,Consumer,2025-10-10
C100387,Bengaluru,Tamil Nadu,Corporate,2024-08-22
C100388,Kolkata,Delhi,Consumer,2024-02-22
C100389,Ahmedabad,Gujarat,Home Office,2024-10-30
C100390,Mumbai,Gujarat,Consumer,2025-06-22
C100391,Pune,Delhi,Home Office,2024-06-11
C100392,Mumbai,Tamil Nadu,Corporate,2026-01-04
C100393,Delhi,Gujarat,Consumer,2024-01-12
C100394,Chennai,Maharashtra,Consumer,2024-03-01
C100395,Pune,Maharashtra,Corporate,2025-04-02
C100396,Kolkata,Tamil Nadu,Consumer,2025-04-06
C100397,Bengaluru,Tamil Nadu,Consumer,2024-09-22
C100398,Mumbai,Maharashtra,Home Office,2024-08-20
C100399,Delhi,Karnataka,Consumer,2024-03-03
C100400,Delhi,Delhi,Consumer,2025-08-19
C100401,Ahmedabad,West Bengal,Consumer,2024-12-07
C100402,Kolkata,Maharashtra,Consumer,2024-04-16
C100403,Delhi,Delhi,Home Office,2024-12-25
C100404,Ahmedabad,Delhi,Consumer,2026-04-23
C100405,Hyderabad,Maharashtra,Consumer,2024-08-23
C100406,Chennai,Maharashtra,Consumer,2026-03-16
C100407,Hyderabad,Delhi,Home Office,2024-08-20
C100408,Mumbai,West Bengal,Consumer,2024-06-16
C100409,Ahmedabad,Karnataka,Home Office,2024-08-22
C100410,Bengaluru,Delhi,Corporate,2024-10-17
C100411,Mumbai,Karnataka,Corporate,2024-04-18
C100412,Mumbai,Tamil Nadu,Home Office,2025-06-12
C100413,Delhi,Delhi,Corporate,2024-10-27
C100414,Mumbai,West Bengal,Home Office,2025-10-08
C100415,Bengaluru,Tamil Nadu,Consumer,2025-03-17
C100416,Pune,West Bengal,Corporate,2025-02-02
C100417,Ahmedabad,Maharashtra,Consumer,2025-02-27
C100418,Bengaluru,Telangana,Consumer,2024-05-20
C100419,Delhi,West Bengal,Home Office,2025-10-03
C100420,Chennai,Telangana,Home Office,2024-04-03
C100421,Ahmedabad,Gujarat,Corporate,2025-10-11
C100422,Pune,Gujarat,Consumer,2026-06-18
C100423,Kolkata,Tamil Nadu,Consumer,2025-11-18
C100424,Chennai,Maharashtra,Consumer,2025-02-13
C100425,Hyderabad,Delhi,Consumer,2024-10-10
C100426,Mumbai,West Bengal,Consumer,2026-02-24
C100427,Kolkata,Maharashtra,Consumer,2024-08-19
C100428,Kolkata,Gujarat,Consumer,2025-03-10
C100429,Bengaluru,Delhi,Corporate,2025-11-24
C100430,Pune,West Bengal,Consumer,2026-04-10
C100431,Bengaluru,Telangana,Home Office,2026-04-08
C100432,Pune,Maharashtra,Consumer,2024-03-19
C100433,Kolkata,Maharashtra,Consumer,2026-03-19
C100434,Mumbai,Tamil Nadu,Consumer,2024-04-12
C100435,Hyderabad,Delhi,Consumer,2025-06-10
C100436,Bengaluru,Karnataka,Home Office,2026-04-16
C100437,Chennai,Telangana,Consumer,2025-08-12
C100438,Ahmedabad,Maharashtra,Consumer,2026-05-02
C100439,Bengaluru,Delhi,Home Office,2024-11-05
C100440,Hyderabad,Gujarat,Home Office,2024-10-10
C100441,Ahmedabad,West Bengal,Consumer,2024-10-20
C100442,Delhi,Tamil Nadu,Consumer,2024-11-15
C100443,Mumbai,Gujarat,Consumer,2025-09-06
C100444,Hyderabad,Telangana,Consumer,2025-02-11
C100445,Chennai,Maharashtra,Consumer,2025-10-25
C100446,Pune,Karnataka,Consumer,2025-01-09
C100447,Delhi,Gujarat,Home Office,2024-10-03
C100448,Ahmedabad,Gujarat,Consumer,2024-06-20
C100449,Chennai,Maharashtra,Consumer,2025-05-10
C100450,Delhi,Karnataka,Consumer,2026-03-19
C100451,Ahmedabad,Delhi,Corporate,2026-02-12
C100452,Ahmedabad,Karnataka,Consumer,2024-08-15
C100453,Hyderabad,Karnataka,Home Office,2025-03-05
C100454,Bengaluru,Maharashtra,Home Office,2025-09-26
C100455,Chennai,Tamil Nadu,Consumer,2025-07-05
C100456,Chennai,Karnataka,Consumer,2024-03-01
C100457,Mumbai,Gujarat,Consumer,2025-06-15
C100458,Pune,Telangana,Consumer,2024-02-04
C100459,Kolkata,Delhi,Home Office,2024-04-14
C100460,Bengaluru,Tamil Nadu,Consumer,2025-08-11
C100461,Pune,West Bengal,Corporate,2024-04-02
C100462,Mumbai,Delhi,Consumer,2024-11-01
C100463,Pune,Karnataka,Consumer,2025-06-13
C100464,Hyderabad,Karnataka,Consumer,2025-08-12
C100465,Bengaluru,West Bengal,Corporate,2025-02-05
C100466,Ahmedabad,Karnataka,Corporate,2024-03-25
C100467,Mumbai,Maharashtra,Consumer,2025-12-20
C100468,Chennai,Telangana,Consumer,2026-05-04
C100469,Mumbai,West Bengal,Corporate,2026-03-10
C100470,Ahmedabad,Karnataka,Consumer,2025-11-04
C100471,Pune,Gujarat,Home Office,2024-12-27
C100472,Kolkata,Maharashtra,Consumer,2026-02-27
C100473,Hyderabad,Telangana,Consumer,2025-03-15
C100474,Hyderabad,Maharashtra,Consumer,2024-05-02
C100475,Pune,Gujarat,Consumer,2026-02-04
C100476,Kolkata,Delhi,Consumer,2024-10-15
C100477,Kolkata,Telangana,Consumer,2026-04-24
C100478,Bengaluru,Telangana,Home Office,2024-11-27
C100479,Pune,Maharashtra,Consumer,2026-02-21
C100480,Bengaluru,Telangana,Consumer,2025-04-28
C100481,Delhi,Maharashtra,Consumer,2025-02-24
C100482,Kolkata,Karnataka,Consumer,2024-09-24
C100483,Delhi,Delhi,Consumer,2026-01-22
C100484,Kolkata,Karnataka,Consumer,2024-02-24
C100485,Hyderabad,Telangana,Consumer,2025-02-25
C100486,Mumbai,West Bengal,Consumer,2024-11-27
C100487,Delhi,Maharashtra,Home Office,2025-05-04
C100488,Chennai,Karnataka,Consumer,2024-08-17
C100489,Kolkata,Karnataka,Home Office,2025-08-21
C100490,Chennai,Tamil Nadu,Consumer,2024-12-13
C100491,Ahmedabad,Delhi,Consumer,2024-06-18
C100492,Kolkata,Telangana,Corporate,2024-06-26
C100493,Kolkata,Karnataka,Consumer,2025-09-18
C100494,Chennai,Delhi,Corporate,2024-08-23
C100495,Delhi,Telangana,Consumer,2024-10-03
C100496,Hyderabad,Telangana,Consumer,2025-07-18
C100497,Bengaluru,Tamil Nadu,Home Office,2024-10-23
C100498,Delhi,West Bengal,Consumer,2024-12-15
C100499,Ahmedabad,Telangana,Consumer,2024-08-08
C100500,Hyderabad,West Bengal,Corporate,2024-11-06
C100501,Bengaluru,Tamil Nadu,Corporate,2025-09-15
C100502,Pune,Delhi,Home Office,2025-04-25
C100503,Ahmedabad,Maharashtra,Consumer,2026-06-16
C100504,Kolkata,Delhi,Consumer,2025-11-25
C100505,Delhi,Tamil Nadu,Corporate,2024-01-16
C100506,Hyderabad,Maharashtra,Consumer,2024-12-06
C100507,Chennai,Gujarat,Corporate,2024-09-17
C100508,Mumbai,Telangana,Consumer,2025-06-12
C100509,Delhi,West Bengal,Consumer,2024-08-27
C100510,Mumbai,Maharashtra,Corporate,2026-05-19
C100511,Ahmedabad,Delhi,Consumer,2024-09-26
C100512,Pune,Maharashtra,Consumer,2025-04-14
C100513,Kolkata,Maharashtra,Consumer,2024-04-20
C100514,Kolkata,Delhi,Corporate,2026-03-29
C100515,Ahmedabad,Maharashtra,Home Office,2026-03-31
C100516,Bengaluru,Gujarat,Consumer,2025-12-15
C100517,Ahmedabad,Telangana,Consumer,2024-11-12
C100518,Bengaluru,Karnataka,Home Office,2024-02-22
C100519,Hyderabad,Telangana,Consumer,2025-10-01
C100520,Chennai,Telangana,Consumer,2025-01-21
C100521,Delhi,West Bengal,Consumer,2026-06-10
C100522,Mumbai,Maharashtra,Consumer,2025-09-20
C100523,Mumbai,Maharashtra,Home Office,2025-04-29
C100524,Kolkata,Maharashtra,Corporate,2026-06-07
C100525,Delhi,Tamil Nadu,Corporate,2025-12-21
C100526,Delhi,Karnataka,Consumer,2025-02-16
C100527,Ahmedabad,Delhi,Consumer,2024-01-17
C100528,Mumbai,Maharashtra,Consumer,2024-03-24
C100529,Ahmedabad,Karnataka,Consumer,2025-02-03
C100530,Ahmedabad,Gujarat,Consumer,2025-05-20
C100531,Chennai,Karnataka,Consumer,2024-01-28
C100532,Mumbai,Karnataka,Consumer,2024-04-23
C100533,Mumbai,Gujarat,Consumer,2025-09-25
C100534,Delhi,Maharashtra,Corporate,2025-11-07
C100535,Chennai,West Bengal,Consumer,2024-01-27
C100536,Mumbai,Karnataka,Consumer,2025-04-01
C100537,Hyderabad,Maharashtra,Corporate,2024-03-13
C100538,Bengaluru,Karnataka,Corporate,2025-10-13
C100539,Chennai,Maharashtra,Corporate,2026-01-20
C100540,Bengaluru,Tamil Nadu,Consumer,2026-02-21
C100541,Pune,Telangana,Corporate,2025-06-22
C100542,Bengaluru,Maharashtra,Consumer,2025-07-20
C100543,Mumbai,Karnataka,Consumer,2026-04-13
C100544,Mumbai,Tamil Nadu,Consumer,2025-07-05
C100545,Kolkata,Maharashtra,Consumer,2025-02-05
C100546,Bengaluru,Tamil Nadu,Consumer,2025-11-10
C100547,Hyderabad,Maharashtra,Consumer,2025-06-15
C100548,Chennai,West Bengal,Corporate,2026-01-28
C100549,Chennai,Telangana,Consumer,2025-04-17
C100550,Pune,Karnataka,Consumer,2026-02-21
C100551,Kolkata,Delhi,Consumer,2024-02-10
C100552,Hyderabad,West Bengal,Consumer,2024-02-02
C100553,Kolkata,Tamil Nadu,Consumer,2024-03-30
C100554,Delhi,Tamil Nadu,Consumer,2025-05-15
C100555,Ahmedabad,Telangana,Consumer,2025-09-30
C100556,Chennai,Maharashtra,Corporate,2024-07-13
C100557,Pune,Gujarat,Home Office,2024-05-20
C100558,Ahmedabad,West Bengal,Consumer,2026-02-13
C100559,Kolkata,Gujarat,Consumer,2025-11-06
C100560,Kolkata,West Bengal,Home Office,2025-08-06
C100561,Chennai,Delhi,Home Office,2025-03-15
C100562,Bengaluru,Delhi,Consumer,2025-01-13
C100563,Hyderabad,Maharashtra,Home Office,2024-01-19
C100564,Mumbai,Gujarat,Home Office,2024-06-18
C100565,Ahmedabad,Tamil Nadu,Corporate,2026-03-18
C100566,Mumbai,Telangana,Consumer,2024-11-01
C100567,Mumbai,Gujarat,Consumer,2025-09-26
C100568,Mumbai,Tamil Nadu,Consumer,2025-09-25
C100569,Pune,Gujarat,Consumer,2024-10-05
C100570,Chennai,Gujarat,Consumer,2024-07-02
C100571,Ahmedabad,Karnataka,Consumer,2025-09-14
C100572,Hyderabad,Delhi,Consumer,2024-03-25
C100573,Delhi,Maharashtra,Consumer,2025-03-21
C100574,Bengaluru,West Bengal,Corporate,2026-03-10
C100575,Bengaluru,Maharashtra,Consumer,2025-10-02
C100576,Delhi,Delhi,Consumer,2025-11-18
C100577,Ahmedabad,Tamil Nadu,Corporate,2024-03-15
C100578,Chennai,West Bengal,Corporate,2024-06-28
C100579,Ahmedabad,Karnataka,Home Office,2024-09-04
C100580,Bengaluru,Tamil Nadu,Home Office,2024-09-20
C100581,Bengaluru,Delhi,Home Office,2024-06-23
C100582,Kolkata,Maharashtra,Consumer,2026-05-24
C100583,Bengaluru,Tamil Nadu,Consumer,2024-05-28
C100584,Bengaluru,Telangana,Consumer,2025-09-29
C100585,Hyderabad,Maharashtra,Consumer,2025-06-12
C100586,Ahmedabad,Delhi,Home Office,2025-07-03
C100587,Pune,West Bengal,Consumer,2024-07-12
C100588,Bengaluru,Karnataka,Consumer,2024-10-03
C100589,Kolkata,West Bengal,Consumer,2025-06-29
C100590,Kolkata,Karnataka,Consumer,2024-09-26
C100591,Kolkata,Maharashtra,Consumer,2025-09-16
C100592,Ahmedabad,Delhi,Consumer,2024-02-05
C100593,Mumbai,Telangana,Home Office,2024-03-06
C100594,Ahmedabad,Karnataka,Consumer,2025-10-17
C100595,Delhi,Maharashtra,Corporate,2025-07-09
C100596,Kolkata,Maharashtra,Corporate,2024-02-08
C100597,Chennai,Maharashtra,Consumer,2026-03-20
C100598,Kolkata,Maharashtra,Consumer,2024-01-05
C100599,Pune,West Bengal,Corporate,2026-05-09
C100600,Pune,Maharashtra,Consumer,2025-10-18
C100601,Chennai,Delhi,Home Office,2026-06-08
C100602,Kolkata,Maharashtra,Consumer,2026-05-03
C100603,Pune,West Bengal,Corporate,2024-10-08
C100604,Mumbai,Delhi,Corporate,2025-11-11
C100605,Kolkata,Karnataka,Consumer,2024-07-08
C100606,Chennai,Gujarat,Consumer,2025-02-28
C100607,Delhi,Maharashtra,Home Office,2024-08-04
C100608,Chennai,Tamil Nadu,Consumer,2025-03-13
C100609,Ahmedabad,Maharashtra,Consumer,2026-02-24
C100610,Kolkata,Maharashtra,Consumer,2025-01-27
C100611,Kolkata,West Bengal,Consumer,2024-03-24
C100612,Hyderabad,Maharashtra,Corporate,2024-10-19
C100613,Kolkata,Maharashtra,Corporate,2025-12-08
C100614,Hyderabad,Maharashtra,Consumer,2025-04-14
C100615,Pune,Karnataka,Corporate,2025-05-19
C100616,Pune,Maharashtra,Consumer,2025-01-23
C100617,Mumbai,West Bengal,Consumer,2024-09-20
C100618,Delhi,Tamil Nadu,Consumer,2025-06-22
C100619,Bengaluru,Karnataka,Home Office,2025-07-23
C100620,Mumbai,Gujarat,Consumer,2026-03-19
C100621,Hyderabad,Delhi,Consumer,2025-07-10
C100622,Hyderabad,Karnataka,Consumer,2026-06-14
C100623,Mumbai,Gujarat,Corporate,2026-01-13
C100624,Hyderabad,Karnataka,Consumer,2024-03-11
C100625,Chennai,Tamil Nadu,Consumer,2024-12-18
C100626,Mumbai,Gujarat,Corporate,2024-12-12
C100627,Delhi,Tamil Nadu,Consumer,2024-01-03
C100628,Delhi,Tamil Nadu,Consumer,2024-06-11
C100629,Chennai,Telangana,Consumer,2025-11-16
C100630,Delhi,Maharashtra,Consumer,2024-11-12
C100631,Pune,Tamil Nadu,Consumer,2024-05-13
C100632,Delhi,Gujarat,Home Office,2024-09-15
C100633,Hyderabad,Karnataka,Consumer,2024-09-04
C100634,Hyderabad,Gujarat,Corporate,2024-06-06
C100635,Mumbai,Telangana,Home Office,2024-04-01
C100636,Pune,Tamil Nadu,Consumer,2025-11-18
C100637,Mumbai,Maharashtra,Consumer,2026-01-12
C100638,Delhi,Tamil Nadu,Home Office,2025-03-22
C100639,Kolkata,Maharashtra,Consumer,2025-07-07
C100640,Ahmedabad,Delhi,Corporate,2026-04-07
C100641,Pune,Maharashtra,Corporate,2026-01-28
C100642,Ahmedabad,Karnataka,Consumer,2024-01-30
C100643,Kolkata,Telangana,Consumer,2026-05-07
C100644,Hyderabad,Tamil Nadu,Consumer,2024-03-01
C100645,Kolkata,Maharashtra,Consumer,2024-01-24
C100646,Delhi,Delhi,Consumer,2024-12-28
C100647,Hyderabad,Delhi,Consumer,2025-11-02
C100648,Chennai,Maharashtra,Corporate,2024-03-13
C100649,Ahmedabad,Gujarat,Home Office,2024-09-20
C100650,Kolkata,West Bengal,Corporate,2024-08-24
C100651,Hyderabad,Maharashtra,Consumer,2024-12-23
C100652,Pune,Karnataka,Consumer,2026-06-06
C100653,Mumbai,Karnataka,Consumer,2024-10-25
C100654,Kolkata,Tamil Nadu,Consumer,2024-07-07
C100655,Chennai,Maharashtra,Home Office,2024-04-20
C100656,Chennai,Maharashtra,Consumer,2024-06-27
C100657,Kolkata,West Bengal,Consumer,2024-04-29
C100658,Pune,West Bengal,Corporate,2025-05-31
C100659,Bengaluru,West Bengal,Consumer,2025-01-13
C100660,Delhi,Delhi,Consumer,2025-03-24
C100661,Mumbai,Tamil Nadu,Consumer,2026-01-18
C100662,Pune,Tamil Nadu,Consumer,2025-06-06
C100663,Bengaluru,Maharashtra,Corporate,2024-05-19
C100664,Mumbai,Tamil Nadu,Consumer,2024-12-05
C100665,Chennai,Tamil Nadu,Home Office,2024-10-08
C100666,Pune,Telangana,Home Office,2026-01-14
C100667,Chennai,West Bengal,Corporate,2024-10-03
C100668,Kolkata,Maharashtra,Consumer,2024-05-04
C100669,Ahmedabad,Tamil Nadu,Consumer,2025-10-24
C100670,Mumbai,Maharashtra,Home Office,2025-01-20
C100671,Ahmedabad,West Bengal,Consumer,2024-03-27
C100672,Chennai,Tamil Nadu,Consumer,2025-09-12
C100673,Pune,Delhi,Corporate,2024-07-08
C100674,Bengaluru,West Bengal,Consumer,2026-02-20
C100675,Chennai,Maharashtra,Corporate,2026-01-19
C100676,Pune,Gujarat,Home Office,2024-11-28
C100677,Chennai,Maharashtra,Corporate,2025-05-15
C100678,Bengaluru,Telangana,Consumer,2025-05-25
C100679,Chennai,Gujarat,Home Office,2025-08-11
C100680,Ahmedabad,Tamil Nadu,Consumer,2024-03-03
C100681,Pune,Gujarat,Corporate,2024-10-19
C100682,Mumbai,Karnataka,Corporate,2024-06-02
C100683,Ahmedabad,Karnataka,Corporate,2025-09-19
C100684,Ahmedabad,West Bengal,Consumer,2024-03-03
C100685,Mumbai,Delhi,Consumer,2025-04-10
C100686,Kolkata,Tamil Nadu,Consumer,2025-10-17
C100687,Hyderabad,Telangana,Consumer,2026-05-03
C100688,Chennai,Telangana,Consumer,2024-09-16
C100689,Hyderabad,Gujarat,Consumer,2024-01-08
C100690,Kolkata,Karnataka,Consumer,2025-10-13
C100691,Ahmedabad,West Bengal,Corporate,2024-01-02
C100692,Kolkata,Gujarat,Home Office,2024-02-29
C100693,Ahmedabad,Maharashtra,Consumer,2026-06-10
C100694,Ahmedabad,Telangana,Corporate,2026-02-15
C100695,Bengaluru,Maharashtra,Corporate,2025-09-28
C100696,Delhi,Maharashtra,Consumer,2026-01-21
C100697,Pune,Telangana,Consumer,2024-03-08
C100698,Chennai,Maharashtra,Corporate,2024-03-21
C100699,Bengaluru,Delhi,Home Office,2024-09-27
C100700,Bengaluru,Gujarat,Corporate,2024-01-22
C100701,Chennai,Delhi,Home Office,2026-03-10
C100702,Chennai,Maharashtra,Home Office,2024-02-20
C100703,Mumbai,Maharashtra,Consumer,2025-05-04
C100704,Mumbai,Maharashtra,Consumer,2026-02-07
C100705,Mumbai,Gujarat,Consumer,2025-10-23
C100706,Chennai,West Bengal,Home Office,2024-07-30
C100707,Bengaluru,Gujarat,Consumer,2025-02-27
C100708,Chennai,Gujarat,Consumer,2025-05-08
C100709,Hyderabad,Maharashtra,Home Office,2025-11-22
C100710,Hyderabad,Maharashtra,Consumer,2025-01-18
C100711,Pune,Delhi,Corporate,2024-09-13
C100712,Chennai,Telangana,Consumer,2025-12-16
C100713,Pune,Gujarat,Home Office,2026-03-08
C100714,Kolkata,Maharashtra,Home Office,2025-03-16
C100715,Ahmedabad,Maharashtra,Consumer,2024-01-26
C100716,Kolkata,Gujarat,Corporate,2025-03-26
C100717,Chennai,Maharashtra,Consumer,2026-03-11
C100718,Hyderabad,Telangana,Consumer,2026-06-09
C100719,Mumbai,Telangana,Corporate,2024-12-26
C100720,Chennai,Tamil Nadu,Corporate,2024-05-15
C100721,Mumbai,Karnataka,Consumer,2025-05-29
C100722,Ahmedabad,Maharashtra,Consumer,2026-01-17
C100723,Kolkata,Maharashtra,Corporate,2026-04-30
C100724,Bengaluru,Maharashtra,Consumer,2024-02-16
C100725,Kolkata,Tamil Nadu,Consumer,2024-09-18
C100726,Bengaluru,West Bengal,Consumer,2025-03-05
C100727,Pune,Gujarat,Consumer,2024-03-29
C100728,Bengaluru,Tamil Nadu,Home Office,2026-03-08
C100729,Hyderabad,Telangana,Consumer,2024-04-10
C100730,Pune,Karnataka,Consumer,2025-08-21
C100731,Pune,West Bengal,Home Office,2026-04-06
C100732,Hyderabad,Gujarat,Consumer,2025-09-08
C100733,Ahmedabad,Maharashtra,Corporate,2025-11-17
C100734,Kolkata,West Bengal,Consumer,2024-08-24
C100735,Mumbai,West Bengal,Home Office,2026-01-14
C100736,Pune,West Bengal,Corporate,2025-01-11
C100737,Pune,Tamil Nadu,Home Office,2024-02-25
C100738,Delhi,Karnataka,Consumer,2024-11-25
C100739,Pune,Karnataka,Consumer,2024-11-10
C100740,Ahmedabad,Maharashtra,Corporate,2025-04-14
C100741,Kolkata,Telangana,Consumer,2024-08-26
C100742,Kolkata,Maharashtra,Consumer,2025-02-20
C100743,Pune,Telangana,Consumer,2025-01-20
C100744,Delhi,Karnataka,Home Office,2024-10-21
C100745,Kolkata,Maharashtra,Corporate,2025-09-18
C100746,Delhi,Gujarat,Consumer,2024-10-01
C100747,Chennai,Gujarat,Corporate,2025-11-20
C100748,Delhi,Telangana,Consumer,2024-08-13
C100749,Delhi,West Bengal,Consumer,2026-02-17
C100750,Mumbai,Maharashtra,Consumer,2024-11-24
C100751,Ahmedabad,Gujarat,Consumer,2024-02-06
C100752,Mumbai,Gujarat,Consumer,2024-05-14
C100753,Bengaluru,Maharashtra,Home Office,2025-12-26
C100754,Ahmedabad,Telangana,Corporate,2026-02-23
C100755,Chennai,Maharashtra,Consumer,2024-07-09
C100756,Hyderabad,Delhi,Consumer,2025-06-25
C100757,Pune,Delhi,Consumer,2025-05-31
C100758,Hyderabad,Tamil Nadu,Home Office,2024-04-30
C100759,Mumbai,Tamil Nadu,Home Office,2025-02-10
C100760,Pune,Tamil Nadu,Home Office,2025-09-16
C100761,Mumbai,Telangana,Consumer,2026-05-20
C100762,Chennai,Telangana,Consumer,2026-02-01
C100763,Ahmedabad,Karnataka,Consumer,2024-03-29
C100764,Ahmedabad,Tamil Nadu,Consumer,2024-08-01
C100765,Delhi,Tamil Nadu,Consumer,2025-01-28
C100766,Kolkata,Gujarat,Consumer,2024-05-15
C100767,Chennai,Tamil Nadu,Home Office,2025-05-28
C100768,Hyderabad,Telangana,Consumer,2024-01-08
C100769,Mumbai,Karnataka,Consumer,2024-04-12
C100770,Hyderabad,Maharashtra,Corporate,2024-02-12
C100771,Pune,Delhi,Consumer,2024-09-22
C100772,Ahmedabad,Telangana,Corporate,2025-11-17
C100773,Bengaluru,Delhi,Consumer,2024-06-08
C100774,Pune,Telangana,Home Office,2026-06-07
C100775,Kolkata,West Bengal,Consumer,2024-08-30
C100776,Ahmedabad,Maharashtra,Consumer,2024-02-10
C100777,Hyderabad,Delhi,Corporate,2024-10-28
C100778,Bengaluru,Maharashtra,Consumer,2025-11-04
C100779,Delhi,Delhi,Consumer,2024-04-05
C100780,Kolkata,Maharashtra,Consumer,2024-03-05
C100781,Ahmedabad,Karnataka,Consumer,2026-02-03
C100782,Pune,Delhi,Corporate,2025-06-16
C100783,Bengaluru,Karnataka,Consumer,2024-11-04
C100784,Bengaluru,Gujarat,Consumer,2025-11-11
C100785,Hyderabad,Maharashtra,Consumer,2026-01-29
C100786,Chennai,Maharashtra,Corporate,2024-11-19
C100787,Bengaluru,Maharashtra,Consumer,2025-05-20
C100788,Pune,Karnataka,Corporate,2024-01-10
C100789,Chennai,Telangana,Home Office,2024-10-02
C100790,Bengaluru,West Bengal,Consumer,2025-06-19
C100791,Bengaluru,Tamil Nadu,Corporate,2024-06-26
C100792,Hyderabad,Gujarat,Consumer,2026-06-11
C100793,Pune,Delhi,Consumer,2026-05-24
C100794,Kolkata,Delhi,Corporate,2024-08-19
C100795,Hyderabad,Telangana,Home Office,2024-12-22
C100796,Delhi,Maharashtra,Consumer,2024-06-19
C100797,Ahmedabad,Gujarat,Consumer,2025-03-29
C100798,Hyderabad,Maharashtra,Consumer,2024-04-21
C100799,Delhi,Telangana,Consumer,2024-12-17
C100800,Hyderabad,Tamil Nadu,Consumer,2025-05-14
C100801,Bengaluru,Karnataka,Consumer,2025-07-04
C100802,Delhi,Telangana,Consumer,2025-06-20
C100803,Chennai,Telangana,Consumer,2024-07-18
C100804,Ahmedabad,Delhi,Corporate,2025-12-14
C100805,Pune,Maharashtra,Corporate,2025-09-14
C100806,Kolkata,Karnataka,Corporate,2025-11-08
C100807,Chennai,Karnataka,Consumer,2025-02-25
C100808,Bengaluru,Telangana,Consumer,2026-03-14
C100809,Hyderabad,Karnataka,Consumer,2024-12-16
C100810,Ahmedabad,Gujarat,Consumer,2025-12-26
C100811,Bengaluru,Maharashtra,Consumer,2024-07-02
C100812,Ahmedabad,Maharashtra,Consumer,2024-08-10
C100813,Pune,Maharashtra,Corporate,2025-04-19
C100814,Delhi,Telangana,Consumer,2025-05-15
C100815,Kolkata,Gujarat,Corporate,2025-11-02
C100816,Kolkata,Karnataka,Consumer,2024-09-24
C100817,Bengaluru,Maharashtra,Corporate,2026-02-24
C100818,Bengaluru,Delhi,Consumer,2024-10-23
C100819,Pune,Maharashtra,Consumer,2025-04-25
C100820,Ahmedabad,Delhi,Consumer,2026-04-18
C100821,Bengaluru,Delhi,Home Office,2025-04-30
C100822,Pune,West Bengal,Consumer,2025-09-05
C100823,Mumbai,Delhi,Consumer,2026-03-28
C100824,Pune,Gujarat,Consumer,2026-05-27
C100825,Chennai,West Bengal,Corporate,2025-03-25
C100826,Bengaluru,Gujarat,Consumer,2025-01-10
C100827,Pune,Karnataka,Consumer,2024-06-26
C100828,Ahmedabad,Gujarat,Consumer,2025-04-28
C100829,Kolkata,Tamil Nadu,Home Office,2026-04-06
C100830,Bengaluru,Gujarat,Consumer,2025-03-14
C100831,Mumbai,Delhi,Consumer,2024-11-09
C100832,Mumbai,Gujarat,Home Office,2024-04-06
C100833,Hyderabad,Tamil Nadu,Consumer,2024-12-16
C100834,Mumbai,Karnataka,Consumer,2024-08-01
C100835,Kolkata,Telangana,Consumer,2026-05-29
C100836,Kolkata,Maharashtra,Consumer,2025-04-19
C100837,Kolkata,Gujarat,Consumer,2024-05-03
C100838,Mumbai,Delhi,Consumer,2024-03-01
C100839,Bengaluru,Maharashtra,Corporate,2026-02-04
C100840,Ahmedabad,Tamil Nadu,Corporate,2026-04-18
C100841,Delhi,Telangana,Consumer,2025-11-17
C100842,Pune,Karnataka,Consumer,2024-04-21
C100843,Ahmedabad,West Bengal,Consumer,2024-03-29
C100844,Bengaluru,West Bengal,Home Office,2024-06-27
C100845,Bengaluru,Maharashtra,Consumer,2025-11-07
C100846,Bengaluru,Tamil Nadu,Consumer,2025-11-19
C100847,Mumbai,Telangana,Consumer,2026-01-24
C100848,Bengaluru,Tamil Nadu,Consumer,2024-03-28
C100849,Kolkata,Tamil Nadu,Consumer,2024-05-17
C100850,Chennai,Maharashtra,Corporate,2026-03-21
C100851,Ahmedabad,Karnataka,Consumer,2026-04-15
C100852,Kolkata,Delhi,Home Office,2025-10-15
C100853,Ahmedabad,Telangana,Consumer,2024-04-05
C100854,Mumbai,Maharashtra,Corporate,2024-03-02
C100855,Delhi,Karnataka,Corporate,2024-02-20
C100856,Kolkata,West Bengal,Home Office,2025-09-14
C100857,Mumbai,Delhi,Consumer,2026-01-31
C100858,Bengaluru,Tamil Nadu,Consumer,2025-07-22
C100859,Pune,Tamil Nadu,Consumer,2024-08-23
C100860,Kolkata,Maharashtra,Consumer,2025-11-12
C100861,Ahmedabad,Maharashtra,Consumer,2024-02-23
C100862,Ahmedabad,Delhi,Home Office,2026-01-15
C100863,Bengaluru,West Bengal,Home Office,2026-03-13
C100864,Kolkata,Delhi,Consumer,2025-10-08
C100865,Kolkata,West Bengal,Consumer,2026-03-02
C100866,Pune,Telangana,Home Office,2025-06-11
C100867,Kolkata,Karnataka,Home Office,2025-02-25
C100868,Kolkata,West Bengal,Consumer,2024-10-17
C100869,Hyderabad,Karnataka,Consumer,2026-04-09
C100870,Bengaluru,West Bengal,Corporate,2025-09-19
C100871,Hyderabad,Karnataka,Consumer,2024-06-20
C100872,Mumbai,Maharashtra,Consumer,2026-05-11
C100873,Bengaluru,Tamil Nadu,Home Office,2024-02-23
C100874,Bengaluru,Gujarat,Home Office,2025-06-12
C100875,Pune,Telangana,Home Office,2024-06-20
C100876,Chennai,Karnataka,Corporate,2025-08-20
C100877,Chennai,Maharashtra,Consumer,2025-01-06
C100878,Pune,Gujarat,Consumer,2025-01-28
C100879,Chennai,Maharashtra,Consumer,2025-08-27
C100880,Pune,Karnataka,Consumer,2025-11-11
C100881,Bengaluru,Telangana,Consumer,2024-12-08
C100882,Kolkata,Delhi,Consumer,2026-06-16
C100883,Hyderabad,Maharashtra,Consumer,2025-03-24
C100884,Mumbai,West Bengal,Corporate,2024-05-24
C100885,Kolkata,Tamil Nadu,Consumer,2024-01-06
C100886,Pune,Maharashtra,Consumer,2024-07-01
C100887,Bengaluru,Maharashtra,Consumer,2025-09-13
C100888,Mumbai,Telangana,Consumer,2025-04-30
C100889,Bengaluru,Karnataka,Home Office,2024-10-31
C100890,Delhi,Telangana,Consumer,2025-03-09
C100891,Bengaluru,Maharashtra,Consumer,2026-01-24
C100892,Pune,Maharashtra,Corporate,2025-05-29
C100893,Chennai,Gujarat,Consumer,2024-02-22
C100894,Ahmedabad,Maharashtra,Consumer,2024-02-14
C100895,Pune,Maharashtra,Consumer,2025-03-09
C100896,Chennai,West Bengal,Consumer,2024-12-29
C100897,Chennai,Tamil Nadu,Corporate,2026-02-04
C100898,Bengaluru,West Bengal,Consumer,2025-06-08
C100899,Bengaluru,Maharashtra,Consumer,2025-11-12
C100900,Chennai,Delhi,Consumer,2025-06-10
C100901,Bengaluru,Tamil Nadu,Consumer,2024-11-06
C100902,Bengaluru,Tamil Nadu,Consumer,2025-08-14
C100903,Mumbai,Maharashtra,Corporate,2025-07-13
C100904,Ahmedabad,Maharashtra,Consumer,2025-10-10
C100905,Hyderabad,Delhi,Consumer,2024-06-19
C100906,Pune,Maharashtra,Consumer,2025-07-31
C100907,Hyderabad,Delhi,Consumer,2024-09-13
C100908,Mumbai,Maharashtra,Consumer,2025-12-12
C100909,Delhi,Karnataka,Corporate,2025-12-19
C100910,Bengaluru,Gujarat,Home Office,2025-07-16
C100911,Kolkata,Karnataka,Consumer,2026-05-02
C100912,Mumbai,Gujarat,Consumer,2025-04-28
C100913,Hyderabad,Karnataka,Home Office,2024-01-23
C100914,Ahmedabad,West Bengal,Consumer,2025-06-29
C100915,Chennai,Delhi,Consumer,2025-11-30
C100916,Hyderabad,Tamil Nadu,Consumer,2024-04-01
C100917,Chennai,Delhi,Corporate,2024-04-04
C100918,Kolkata,Telangana,Corporate,2024-09-02
C100919,Delhi,Telangana,Consumer,2026-01-29
C100920,Pune,Tamil Nadu,Home Office,2025-04-19
C100921,Kolkata,Telangana,Consumer,2026-05-28
C100922,Chennai,Tamil Nadu,Consumer,2026-02-24
C100923,Hyderabad,West Bengal,Consumer,2025-05-14
C100924,Mumbai,Telangana,Consumer,2025-09-03
C100925,Mumbai,Delhi,Consumer,2024-10-24
C100926,Ahmedabad,Maharashtra,Consumer,2024-03-22
C100927,Chennai,Delhi,Consumer,2024-12-24
C100928,Delhi,Maharashtra,Corporate,2025-06-17
C100929,Hyderabad,Maharashtra,Consumer,2024-06-12
C100930,Chennai,Gujarat,Consumer,2024-07-18
C100931,Chennai,Karnataka,Consumer,2024-01-14
C100932,Pune,Telangana,Consumer,2025-10-22
C100933,Delhi,West Bengal,Corporate,2026-03-20
C100934,Pune,Gujarat,Corporate,2026-01-14
C100935,Hyderabad,Maharashtra,Corporate,2024-12-07
C100936,Ahmedabad,Maharashtra,Consumer,2025-06-18
C100937,Mumbai,Delhi,Consumer,2026-05-14
C100938,Mumbai,Tamil Nadu,Consumer,2025-06-16
C100939,Hyderabad,Gujarat,Consumer,2024-09-23
C100940,Chennai,Maharashtra,Consumer,2024-10-31
C100941,Pune,Maharashtra,Consumer,2025-10-16
C100942,Hyderabad,Delhi,Consumer,2025-02-05
C100943,Ahmedabad,West Bengal,Consumer,2026-01-23
C100944,Hyderabad,Karnataka,Consumer,2026-02-16
C100945,Mumbai,Telangana,Corporate,2024-02-02
C100946,Bengaluru,Karnataka,Home Office,2025-10-12
C100947,Ahmedabad,Maharashtra,Consumer,2024-11-28
C100948,Mumbai,Gujarat,Home Office,2025-04-12
C100949,Ahmedabad,Karnataka,Consumer,2024-08-26
C100950,Delhi,Delhi,Home Office,2024-11-27
C100951,Bengaluru,Gujarat,Home Office,2024-10-24
C100952,Delhi,Tamil Nadu,Consumer,2024-02-15
C100953,Chennai,Karnataka,Corporate,2025-12-05
C100954,Hyderabad,Telangana,Home Office,2024-05-08
C100955,Kolkata,Gujarat,Home Office,2024-12-04
C100956,Chennai,Telangana,Home Office,2024-06-22
C100957,Hyderabad,Tamil Nadu,Consumer,2024-05-24
C100958,Pune,Tamil Nadu,Consumer,2024-12-02
C100959,Ahmedabad,Maharashtra,Corporate,2026-04-06
C100960,Hyderabad,Maharashtra,Consumer,2026-04-29
C100961,Mumbai,West Bengal,Consumer,2024-12-09
C100962,Hyderabad,Gujarat,Consumer,2025-03-30
C100963,Kolkata,Maharashtra,Consumer,2026-06-06
C100964,Mumbai,West Bengal,Consumer,2024-07-30
C100965,Ahmedabad,West Bengal,Corporate,2026-04-30
C100966,Chennai,Maharashtra,Consumer,2024-04-05
C100967,Chennai,Delhi,Corporate,2024-07-22
C100968,Delhi,Telangana,Corporate,2024-10-31
C100969,Ahmedabad,West Bengal,Consumer,2024-02-03
C100970,Bengaluru,Maharashtra,Consumer,2026-01-04
C100971,Delhi,West Bengal,Consumer,2026-02-08
C100972,Hyderabad,Gujarat,Home Office,2024-12-11
C100973,Hyderabad,Maharashtra,Corporate,2026-01-22
C100974,Hyderabad,Delhi,Consumer,2025-11-26
C100975,Mumbai,Tamil Nadu,Consumer,2025-12-22
C100976,Mumbai,Karnataka,Consumer,2025-12-23
C100977,Bengaluru,Gujarat,Consumer,2025-05-31
C100978,Chennai,Delhi,Home Office,2024-04-09
C100979,Delhi,Karnataka,Corporate,2026-04-11
C100980,Chennai,West Bengal,Consumer,2025-07-01
C100981,Chennai,Maharashtra,Home Office,2026-03-22
C100982,Pune,Tamil Nadu,Consumer,2026-05-13
C100983,Chennai,Karnataka,Home Office,2024-06-17
C100984,Pune,West Bengal,Consumer,2024-12-27
C100985,Chennai,Maharashtra,Consumer,2024-06-22
C100986,Pune,West Bengal,Home Office,2024-02-15
C100987,Chennai,West Bengal,Consumer,2026-05-19
C100988,Delhi,Maharashtra,Corporate,2026-04-10
C100989,Mumbai,Maharashtra,Home Office,2026-04-18
C100990,Kolkata,Gujarat,Consumer,2026-03-06
C100991,Delhi,Tamil Nadu,Consumer,2025-08-06
C100992,Chennai,Telangana,Corporate,2025-04-14
C100993,Mumbai,Delhi,Consumer,2026-06-11
C100994,Hyderabad,Maharashtra,Consumer,2025-05-12
C100995,Chennai,West Bengal,Consumer,2025-08-01
C100996,Pune,Karnataka,Corporate,2024-07-09
C100997,Chennai,Tamil Nadu,Consumer,2025-11-03
C100998,Delhi,Gujarat,Consumer,2026-01-07
C100999,Ahmedabad,Delhi,Corporate,2025-09-02
C101000,Chennai,Delhi,Consumer,2025-03-24
