campaign_id,date,channel,spend,impressions,clicks,conversions
CAM202501011,2025-01-01,Google Ads,10839.12,301448,21613,2945
CAM202501012,2025-01-01,Meta,38013.95,104871,4664,515
CAM202501013,2025-01-01,Email,37113.81,137442,8668,191
CAM202501014,2025-01-01,Affiliate,46757.49,254761,9309,1341
CAM202501015,2025-01-01,Search,37041.98,273188,7632,387
CAM202501021,2025-01-02,Google Ads,37876.95,392921,12156,285
CAM202501022,2025-01-02,Meta,23934.22,386861,22898,2656
CAM202501023,2025-01-02,Email,34945.25,446427,31589,2154
CAM202501024,2025-01-02,Affiliate,18295.91,91212,3092,298
CAM202501025,2025-01-02,Search,40402.06,182100,10896,576
CAM202501031,2025-01-03,Google Ads,48717.32,67715,1340,137
CAM202501032,2025-01-03,Meta,16215.99,181968,9874,1226
CAM202501033,2025-01-03,Email,16853.84,362269,15831,1538
CAM202501034,2025-01-03,Affiliate,37023.27,226135,14548,796
CAM202501035,2025-01-03,Search,42392.13,447632,13218,1638
CAM202501041,2025-01-04,Google Ads,21446.28,181376,13858,1357
CAM202501042,2025-01-04,Meta,18661.94,437541,21659,1970
CAM202501043,2025-01-04,Email,28367.38,398962,30118,1560
CAM202501044,2025-01-04,Affiliate,43559.49,492911,33742,3144
CAM202501045,2025-01-04,Search,19842.37,231632,5266,115
CAM202501051,2025-01-05,Google Ads,10765.48,260573,10604,925
CAM202501052,2025-01-05,Meta,10546.32,192434,13868,1069
CAM202501053,2025-01-05,Email,30636.18,161687,3188,194
CAM202501054,2025-01-05,Affiliate,29216.04,202736,10548,499
CAM202501055,2025-01-05,Search,40475.04,97041,7537,755
CAM202501061,2025-01-06,Google Ads,26723.75,361249,22498,3266
CAM202501062,2025-01-06,Meta,11140.74,474552,26072,855
CAM202501063,2025-01-06,Email,5376.68,82423,2874,266
CAM202501064,2025-01-06,Affiliate,21375.73,91516,3710,281
CAM202501065,2025-01-06,Search,23840.44,158913,12581,1759
CAM202501071,2025-01-07,Google Ads,24249.23,240988,16811,428
CAM202501072,2025-01-07,Meta,7631.67,443245,11019,1468
CAM202501073,2025-01-07,Email,13013.99,431707,24211,1393
CAM202501074,2025-01-07,Affiliate,37519.06,126704,2361,187
CAM202501075,2025-01-07,Search,33936.48,385563,26449,3905
CAM202501081,2025-01-08,Google Ads,26671.16,70498,2401,341
CAM202501082,2025-01-08,Meta,23772.41,435687,8996,853
CAM202501083,2025-01-08,Email,14288.47,137620,2283,174
CAM202501084,2025-01-08,Affiliate,30741.13,208036,14782,869
CAM202501085,2025-01-08,Search,13129.72,153380,8172,238
CAM202501091,2025-01-09,Google Ads,36396.26,125607,1546,209
CAM202501092,2025-01-09,Meta,14195.79,318980,9422,526
CAM202501093,2025-01-09,Email,32176.35,288565,9049,1267
CAM202501094,2025-01-09,Affiliate,31754.29,277886,9767,757
CAM202501095,2025-01-09,Search,12045.45,150849,2740,260
CAM202501101,2025-01-10,Google Ads,41683.81,263752,13504,607
CAM202501102,2025-01-10,Meta,25947.85,323850,13460,645
CAM202501103,2025-01-10,Email,32856.64,79540,2534,189
CAM202501104,2025-01-10,Affiliate,14309.86,369309,9898,830
CAM202501105,2025-01-10,Search,32768.63,133813,7652,938
CAM202501111,2025-01-11,Google Ads,44698.08,158224,3057,269
CAM202501112,2025-01-11,Meta,28360.87,365690,28720,3859
CAM202501113,2025-01-11,Email,42352.73,343062,11231,1590
CAM202501114,2025-01-11,Affiliate,45283.88,369343,16579,1099
CAM202501115,2025-01-11,Search,9576.34,134350,7889,466
CAM202501121,2025-01-12,Google Ads,34630.77,492566,20160,1851
CAM202501122,2025-01-12,Meta,10407.44,346750,26025,2630
CAM202501123,2025-01-12,Email,43542.76,402855,30162,1844
CAM202501124,2025-01-12,Affiliate,30887.91,255227,17451,1008
CAM202501125,2025-01-12,Search,33302.85,99426,2155,182
CAM202501131,2025-01-13,Google Ads,45208.69,91161,1765,167
CAM202501132,2025-01-13,Meta,13273.47,137457,4023,536
CAM202501133,2025-01-13,Email,14537.53,484487,30311,1990
CAM202501134,2025-01-13,Affiliate,14691.52,318637,18911,567
CAM202501135,2025-01-13,Search,5519.46,193205,12997,1287
CAM202501141,2025-01-14,Google Ads,8031.25,479870,19014,789
CAM202501142,2025-01-14,Meta,22251.21,188850,8514,668
CAM202501143,2025-01-14,Email,28394.79,217634,16314,1249
CAM202501144,2025-01-14,Affiliate,7816.74,52350,3703,289
CAM202501145,2025-01-14,Search,16681.03,437845,12882,528
CAM202501151,2025-01-15,Google Ads,35082.83,309306,18379,1345
CAM202501152,2025-01-15,Meta,23156.83,260083,5977,312
CAM202501153,2025-01-15,Email,8568.76,95044,5850,414
CAM202501154,2025-01-15,Affiliate,39265.21,229886,7739,457
CAM202501155,2025-01-15,Search,30110.67,449421,24808,2179
CAM202501161,2025-01-16,Google Ads,10994.24,188759,2564,302
CAM202501162,2025-01-16,Meta,16683.63,116464,9300,505
CAM202501163,2025-01-16,Email,33699.0,456770,16093,1257
CAM202501164,2025-01-16,Affiliate,9380.66,222904,11981,1394
CAM202501165,2025-01-16,Search,34464.71,488067,37337,3542
CAM202501171,2025-01-17,Google Ads,9128.83,396900,20118,1264
CAM202501172,2025-01-17,Meta,47955.31,129712,9325,1000
CAM202501173,2025-01-17,Email,42386.15,450720,11551,1100
CAM202501174,2025-01-17,Affiliate,33057.68,356645,5031,531
CAM202501175,2025-01-17,Search,47124.04,93274,2949,126
CAM202501181,2025-01-18,Google Ads,27426.23,165368,5930,477
CAM202501182,2025-01-18,Meta,13949.93,119598,6986,611
CAM202501183,2025-01-18,Email,41233.86,126192,9256,1243
CAM202501184,2025-01-18,Affiliate,9525.12,276050,19674,1683
CAM202501185,2025-01-18,Search,46197.33,153824,10423,265
CAM202501191,2025-01-19,Google Ads,10212.72,441909,17410,625
CAM202501192,2025-01-19,Meta,39023.53,406039,32079,2883
CAM202501193,2025-01-19,Email,33406.47,301366,20652,642
CAM202501194,2025-01-19,Affiliate,21777.6,82082,1265,85
CAM202501195,2025-01-19,Search,10734.58,332093,26244,3416
CAM202501201,2025-01-20,Google Ads,44910.83,150077,6548,488
CAM202501202,2025-01-20,Meta,44774.33,186624,10704,490
CAM202501203,2025-01-20,Email,21790.35,206715,10860,841
CAM202501204,2025-01-20,Affiliate,44054.22,198666,11925,822
CAM202501205,2025-01-20,Search,31864.85,260603,15958,1860
CAM202501211,2025-01-21,Google Ads,15322.42,169765,12868,1526
CAM202501212,2025-01-21,Meta,37403.03,98516,2679,153
CAM202501213,2025-01-21,Email,23985.97,172334,1877,125
CAM202501214,2025-01-21,Affiliate,21256.79,104716,3608,321
CAM202501215,2025-01-21,Search,12380.2,60829,2704,299
CAM202501221,2025-01-22,Google Ads,12139.33,188387,12362,1135
CAM202501222,2025-01-22,Meta,22951.84,461031,10697,1433
CAM202501223,2025-01-22,Email,20171.75,361161,27398,2752
CAM202501224,2025-01-22,Affiliate,29905.73,102623,4573,464
CAM202501225,2025-01-22,Search,38892.05,199690,4795,563
CAM202501231,2025-01-23,Google Ads,47567.63,89980,4396,113
CAM202501232,2025-01-23,Meta,46055.83,195109,7868,634
CAM202501233,2025-01-23,Email,49279.03,456059,29148,3895
CAM202501234,2025-01-23,Affiliate,25842.81,130254,8458,487
CAM202501235,2025-01-23,Search,24527.92,90195,5398,520
CAM202501241,2025-01-24,Google Ads,26022.75,112462,7600,587
CAM202501242,2025-01-24,Meta,35453.41,402054,15647,2240
CAM202501243,2025-01-24,Email,34154.82,184777,5544,433
CAM202501244,2025-01-24,Affiliate,8259.74,170589,2269,223
CAM202501245,2025-01-24,Search,38876.0,270309,14515,934
CAM202501251,2025-01-25,Google Ads,24012.92,220011,11158,1561
CAM202501252,2025-01-25,Meta,22168.9,124383,7126,1021
CAM202501253,2025-01-25,Email,28828.52,484282,16216,2306
CAM202501254,2025-01-25,Affiliate,6444.85,52659,2004,245
CAM202501255,2025-01-25,Search,9056.95,323789,5200,257
CAM202501261,2025-01-26,Google Ads,5374.33,273532,19839,2145
CAM202501262,2025-01-26,Meta,32950.36,333758,15523,1703
CAM202501263,2025-01-26,Email,9906.87,107318,7312,358
CAM202501264,2025-01-26,Affiliate,8202.55,346565,23954,3532
CAM202501265,2025-01-26,Search,24964.23,370598,12875,734
CAM202501271,2025-01-27,Google Ads,32723.93,254604,17262,991
CAM202501272,2025-01-27,Meta,31421.12,121728,7255,563
CAM202501273,2025-01-27,Email,14336.79,400950,27800,3831
CAM202501274,2025-01-27,Affiliate,47097.01,375360,28579,882
CAM202501275,2025-01-27,Search,34486.85,318425,10639,391
CAM202501281,2025-01-28,Google Ads,49974.13,252866,8571,394
CAM202501282,2025-01-28,Meta,25499.38,296124,5254,271
CAM202501283,2025-01-28,Email,34352.44,329017,3690,269
CAM202501284,2025-01-28,Affiliate,46114.64,414013,31138,3863
CAM202501285,2025-01-28,Search,5956.58,68694,2737,384
CAM202501291,2025-01-29,Google Ads,14486.09,243325,19078,1554
CAM202501292,2025-01-29,Meta,26583.98,464808,22211,2194
CAM202501293,2025-01-29,Email,23637.86,310315,20250,601
CAM202501294,2025-01-29,Affiliate,32179.35,232234,4264,367
CAM202501295,2025-01-29,Search,20291.04,174075,3566,494
CAM202501301,2025-01-30,Google Ads,5769.34,347396,17742,2174
CAM202501302,2025-01-30,Meta,46194.34,442225,6021,576
CAM202501303,2025-01-30,Email,38159.89,337431,5626,209
CAM202501304,2025-01-30,Affiliate,5966.33,164483,7007,972
CAM202501305,2025-01-30,Search,33738.21,439361,9253,759
CAM202501311,2025-01-31,Google Ads,25964.04,397628,6391,435
CAM202501312,2025-01-31,Meta,15219.71,428687,32376,3447
CAM202501313,2025-01-31,Email,5918.04,153804,12017,458
CAM202501314,2025-01-31,Affiliate,41659.98,265767,12873,1058
CAM202501315,2025-01-31,Search,14538.36,365892,27114,2257
CAM202502011,2025-02-01,Google Ads,31023.97,469187,9151,667
CAM202502012,2025-02-01,Meta,11857.28,436556,22372,2131
CAM202502013,2025-02-01,Email,13023.77,399011,20386,1441
CAM202502014,2025-02-01,Affiliate,34562.01,313657,13104,1879
CAM202502015,2025-02-01,Search,43641.08,237240,18122,1278
CAM202502021,2025-02-02,Google Ads,16851.48,86909,4273,360
CAM202502022,2025-02-02,Meta,45117.86,160813,1692,150
CAM202502023,2025-02-02,Email,26424.65,417321,22100,1141
CAM202502024,2025-02-02,Affiliate,24217.57,112882,5097,489
CAM202502025,2025-02-02,Search,37108.52,220013,2684,244
CAM202502031,2025-02-03,Google Ads,6658.91,216177,9637,1210
CAM202502032,2025-02-03,Meta,32610.54,460642,34967,2437
CAM202502033,2025-02-03,Email,8781.46,168111,11900,324
CAM202502034,2025-02-03,Affiliate,12563.39,296953,20297,2263
CAM202502035,2025-02-03,Search,47122.22,333273,8951,1120
CAM202502041,2025-02-04,Google Ads,29003.26,461440,26728,1308
CAM202502042,2025-02-04,Meta,23496.43,478232,6318,653
CAM202502043,2025-02-04,Email,13773.95,312126,22528,572
CAM202502044,2025-02-04,Affiliate,21280.85,134710,9037,317
CAM202502045,2025-02-04,Search,9489.34,51610,3421,316
CAM202502051,2025-02-05,Google Ads,24495.92,456417,33372,3613
CAM202502052,2025-02-05,Meta,28399.33,341258,3761,292
CAM202502053,2025-02-05,Email,34663.65,253019,18819,1759
CAM202502054,2025-02-05,Affiliate,35631.66,183733,3523,279
CAM202502055,2025-02-05,Search,42058.24,159017,9786,762
CAM202502061,2025-02-06,Google Ads,21442.48,365216,26068,2769
CAM202502062,2025-02-06,Meta,24080.27,143550,10403,492
CAM202502063,2025-02-06,Email,18545.47,211242,16659,2301
CAM202502064,2025-02-06,Affiliate,17809.92,386886,18428,534
CAM202502065,2025-02-06,Search,44927.67,427682,11856,673
CAM202502071,2025-02-07,Google Ads,28287.21,436817,6111,555
CAM202502072,2025-02-07,Meta,44023.49,154976,9011,303
CAM202502073,2025-02-07,Email,13602.14,363382,19282,1064
CAM202502074,2025-02-07,Affiliate,6545.89,217741,14297,1946
CAM202502075,2025-02-07,Search,20611.61,290990,9522,491
CAM202502081,2025-02-08,Google Ads,36797.46,403022,4238,523
CAM202502082,2025-02-08,Meta,25446.24,406209,15391,486
CAM202502083,2025-02-08,Email,18029.14,132514,4014,527
CAM202502084,2025-02-08,Affiliate,25438.63,150334,3992,151
CAM202502085,2025-02-08,Search,47966.15,97791,2363,314
CAM202502091,2025-02-09,Google Ads,44156.21,309973,8999,590
CAM202502092,2025-02-09,Meta,13213.36,107508,4399,400
CAM202502093,2025-02-09,Email,46343.14,153117,7144,586
CAM202502094,2025-02-09,Affiliate,30834.68,115333,7784,527
CAM202502095,2025-02-09,Search,19636.95,76060,6068,901
CAM202502101,2025-02-10,Google Ads,19346.25,473943,37388,2962
CAM202502102,2025-02-10,Meta,12118.02,470174,5229,287
CAM202502103,2025-02-10,Email,19732.05,68401,4953,560
CAM202502104,2025-02-10,Affiliate,42771.94,60794,2847,210
CAM202502105,2025-02-10,Search,39757.7,476025,13264,1374
CAM202502111,2025-02-11,Google Ads,27338.3,470077,15560,1099
CAM202502112,2025-02-11,Meta,46917.33,347539,25455,883
CAM202502113,2025-02-11,Email,37176.0,307838,8735,465
CAM202502114,2025-02-11,Affiliate,23452.34,368778,15176,1914
CAM202502115,2025-02-11,Search,9676.83,150655,11138,562
CAM202502121,2025-02-12,Google Ads,16508.38,208453,5531,540
CAM202502122,2025-02-12,Meta,49494.19,253853,10672,1358
CAM202502123,2025-02-12,Email,38673.9,225291,9074,333
CAM202502124,2025-02-12,Affiliate,49053.38,307659,23167,3054
CAM202502125,2025-02-12,Search,41525.61,195048,10750,413
CAM202502131,2025-02-13,Google Ads,31767.97,195113,10105,559
CAM202502132,2025-02-13,Meta,17785.88,231248,12532,1476
CAM202502133,2025-02-13,Email,47487.27,100946,4829,709
CAM202502134,2025-02-13,Affiliate,24561.76,265455,17627,1385
CAM202502135,2025-02-13,Search,37874.33,406982,25971,1458
CAM202502141,2025-02-14,Google Ads,35471.03,282350,11804,351
CAM202502142,2025-02-14,Meta,46823.55,462494,31308,1354
CAM202502143,2025-02-14,Email,43497.61,98186,7282,284
CAM202502144,2025-02-14,Affiliate,40416.39,241139,10696,897
CAM202502145,2025-02-14,Search,10974.32,115863,7824,408
CAM202502151,2025-02-15,Google Ads,23437.96,451568,20607,2650
CAM202502152,2025-02-15,Meta,23367.77,377849,7479,1027
CAM202502153,2025-02-15,Email,24198.75,51143,1825,54
CAM202502154,2025-02-15,Affiliate,5795.09,459631,11483,1025
CAM202502155,2025-02-15,Search,47752.37,84444,1710,124
CAM202502161,2025-02-16,Google Ads,12214.93,494720,6689,527
CAM202502162,2025-02-16,Meta,15644.9,266364,15130,1826
CAM202502163,2025-02-16,Email,31429.57,142158,3506,308
CAM202502164,2025-02-16,Affiliate,28180.48,273336,14367,1978
CAM202502165,2025-02-16,Search,44704.48,411572,29506,1498
CAM202502171,2025-02-17,Google Ads,43206.41,421495,23102,2359
CAM202502172,2025-02-17,Meta,17924.11,373309,8749,726
CAM202502173,2025-02-17,Email,43780.87,277147,11054,1445
CAM202502174,2025-02-17,Affiliate,25042.01,299098,18676,2224
CAM202502175,2025-02-17,Search,32260.94,104515,5478,276
CAM202502181,2025-02-18,Google Ads,35833.14,436466,15213,2088
CAM202502182,2025-02-18,Meta,40394.45,151108,5129,423
CAM202502183,2025-02-18,Email,20837.46,359338,12648,1567
CAM202502184,2025-02-18,Affiliate,14241.21,207078,6809,611
CAM202502185,2025-02-18,Search,9777.03,435076,30044,2505
CAM202502191,2025-02-19,Google Ads,16647.88,139536,7180,491
CAM202502192,2025-02-19,Meta,27126.5,50204,1630,176
CAM202502193,2025-02-19,Email,17536.28,201829,11261,1323
CAM202502194,2025-02-19,Affiliate,40844.14,94887,1657,181
CAM202502195,2025-02-19,Search,8380.79,273715,19739,746
CAM202502201,2025-02-20,Google Ads,13594.66,94147,2176,302
CAM202502202,2025-02-20,Meta,29661.43,338903,7214,841
CAM202502203,2025-02-20,Email,31916.14,234290,18389,650
CAM202502204,2025-02-20,Affiliate,39472.75,312492,23380,916
CAM202502205,2025-02-20,Search,9381.98,106860,6992,480
CAM202502211,2025-02-21,Google Ads,20295.85,129440,10127,366
CAM202502212,2025-02-21,Meta,23779.2,59479,3973,400
CAM202502213,2025-02-21,Email,29223.58,357086,10086,419
CAM202502214,2025-02-21,Affiliate,19419.8,437895,30462,2538
CAM202502215,2025-02-21,Search,20657.55,305342,22368,694
CAM202502221,2025-02-22,Google Ads,5594.08,375851,17537,1245
CAM202502222,2025-02-22,Meta,23375.92,94787,4039,468
CAM202502223,2025-02-22,Email,28370.84,233688,6212,386
CAM202502224,2025-02-22,Affiliate,14282.45,101826,4025,391
CAM202502225,2025-02-22,Search,22840.87,329569,9011,667
CAM202502231,2025-02-23,Google Ads,33320.55,109365,6753,233
CAM202502232,2025-02-23,Meta,7239.25,454273,14372,1294
CAM202502233,2025-02-23,Email,21053.85,52517,631,73
CAM202502234,2025-02-23,Affiliate,8897.62,103018,4100,369
CAM202502235,2025-02-23,Search,11175.58,176146,13610,1480
CAM202502241,2025-02-24,Google Ads,43181.88,252273,15247,1983
CAM202502242,2025-02-24,Meta,22623.6,192807,12016,1637
CAM202502243,2025-02-24,Email,6904.39,231912,13763,612
CAM202502244,2025-02-24,Affiliate,39969.25,315805,15611,2039
CAM202502245,2025-02-24,Search,9911.41,456868,6098,865
CAM202502251,2025-02-25,Google Ads,22758.17,354893,21420,1102
CAM202502252,2025-02-25,Meta,14634.53,323899,5503,183
CAM202502253,2025-02-25,Email,38961.24,197969,14053,321
CAM202502254,2025-02-25,Affiliate,15787.38,467422,21738,647
CAM202502255,2025-02-25,Search,22054.93,447858,26949,2601
CAM202502261,2025-02-26,Google Ads,25173.23,59418,3815,140
CAM202502262,2025-02-26,Meta,13955.49,73177,4045,439
CAM202502263,2025-02-26,Email,40661.74,474508,18972,2155
CAM202502264,2025-02-26,Affiliate,29770.58,401478,24827,2667
CAM202502265,2025-02-26,Search,9659.42,167505,6309,155
CAM202502271,2025-02-27,Google Ads,31514.7,407330,12086,1563
CAM202502272,2025-02-27,Meta,48645.54,406324,31089,3877
CAM202502273,2025-02-27,Email,5783.63,101953,2919,144
CAM202502274,2025-02-27,Affiliate,28678.45,284901,7565,768
CAM202502275,2025-02-27,Search,47231.09,141028,5267,658
CAM202502281,2025-02-28,Google Ads,12873.88,491061,29212,2930
CAM202502282,2025-02-28,Meta,31064.27,61433,4013,582
CAM202502283,2025-02-28,Email,12447.58,316789,7582,867
CAM202502284,2025-02-28,Affiliate,7422.8,115981,3091,325
CAM202502285,2025-02-28,Search,27968.58,498087,31035,1540
CAM202503011,2025-03-01,Google Ads,14795.09,168540,5315,452
CAM202503012,2025-03-01,Meta,37257.8,273309,3646,435
CAM202503013,2025-03-01,Email,18260.84,244496,17484,1041
CAM202503014,2025-03-01,Affiliate,37589.88,493368,20262,513
CAM202503015,2025-03-01,Search,43279.05,459250,27181,2982
CAM202503021,2025-03-02,Google Ads,41766.62,482783,35947,2756
CAM202503022,2025-03-02,Meta,47525.79,111351,8456,1158
CAM202503023,2025-03-02,Email,33561.76,368992,23064,2109
CAM202503024,2025-03-02,Affiliate,11063.41,313780,13211,527
CAM202503025,2025-03-02,Search,26274.77,135549,2852,89
CAM202503031,2025-03-03,Google Ads,35417.62,308283,22645,1978
CAM202503032,2025-03-03,Meta,19479.87,436616,33516,3302
CAM202503033,2025-03-03,Email,42975.83,431002,26524,1333
CAM202503034,2025-03-03,Affiliate,6594.26,409167,27055,2480
CAM202503035,2025-03-03,Search,31069.47,139341,4800,539
CAM202503041,2025-03-04,Google Ads,47666.24,54341,2437,210
CAM202503042,2025-03-04,Meta,43039.97,190113,4317,616
CAM202503043,2025-03-04,Email,38484.74,82265,4675,469
CAM202503044,2025-03-04,Affiliate,24607.27,127286,9422,1005
CAM202503045,2025-03-04,Search,22829.76,337380,19283,1510
CAM202503051,2025-03-05,Google Ads,10925.52,255481,19612,1039
CAM202503052,2025-03-05,Meta,20422.34,194126,12440,1369
CAM202503053,2025-03-05,Email,23383.14,317345,15454,1717
CAM202503054,2025-03-05,Affiliate,36880.09,377097,4041,383
CAM202503055,2025-03-05,Search,30285.6,476089,29452,3578
CAM202503061,2025-03-06,Google Ads,22838.35,429605,9404,838
CAM202503062,2025-03-06,Meta,36755.51,108093,2576,143
CAM202503063,2025-03-06,Email,22956.78,397170,9492,432
CAM202503064,2025-03-06,Affiliate,21712.24,478299,22938,3263
CAM202503065,2025-03-06,Search,23166.74,246357,14087,2015
CAM202503071,2025-03-07,Google Ads,26163.9,97460,5336,712
CAM202503072,2025-03-07,Meta,6779.63,192966,7853,471
CAM202503073,2025-03-07,Email,37882.91,223791,8424,943
CAM202503074,2025-03-07,Affiliate,7543.51,192103,3378,150
CAM202503075,2025-03-07,Search,25691.2,443615,22306,2800
CAM202503081,2025-03-08,Google Ads,38294.33,252241,11489,1706
CAM202503082,2025-03-08,Meta,39404.28,165441,8815,754
CAM202503083,2025-03-08,Email,33482.83,345474,25640,3515
CAM202503084,2025-03-08,Affiliate,42880.02,380676,9943,431
CAM202503085,2025-03-08,Search,46192.86,269220,20831,1448
CAM202503091,2025-03-09,Google Ads,21977.97,247196,18211,2469
CAM202503092,2025-03-09,Meta,19212.92,438715,24953,2003
CAM202503093,2025-03-09,Email,34160.82,487442,26677,3053
CAM202503094,2025-03-09,Affiliate,20154.59,463273,28854,3764
CAM202503095,2025-03-09,Search,29950.66,246172,19247,870
CAM202503101,2025-03-10,Google Ads,35954.62,314516,4666,434
CAM202503102,2025-03-10,Meta,22036.99,425049,29557,4407
CAM202503103,2025-03-10,Email,8197.19,440636,30577,1954
CAM202503104,2025-03-10,Affiliate,18005.95,312360,4092,375
CAM202503105,2025-03-10,Search,44108.7,342579,26400,649
CAM202503111,2025-03-11,Google Ads,46482.07,371755,7554,804
CAM202503112,2025-03-11,Meta,49298.87,406585,8177,278
CAM202503113,2025-03-11,Email,21808.8,405294,6187,263
CAM202503114,2025-03-11,Affiliate,29069.79,138965,11038,1335
CAM202503115,2025-03-11,Search,27174.83,396901,11268,1364
CAM202503121,2025-03-12,Google Ads,26592.84,183844,9943,383
CAM202503122,2025-03-12,Meta,7913.36,338473,18568,1880
CAM202503123,2025-03-12,Email,14257.91,273438,21129,1054
CAM202503124,2025-03-12,Affiliate,26819.13,126823,7646,301
CAM202503125,2025-03-12,Search,28863.59,250247,15248,1826
CAM202503131,2025-03-13,Google Ads,12206.2,303424,23912,3478
CAM202503132,2025-03-13,Meta,16837.68,167805,2714,103
CAM202503133,2025-03-13,Email,27930.51,255681,15015,2133
CAM202503134,2025-03-13,Affiliate,21324.71,420948,9456,200
CAM202503135,2025-03-13,Search,14648.76,263994,3583,162
CAM202503141,2025-03-14,Google Ads,18009.29,239746,11888,364
CAM202503142,2025-03-14,Meta,15260.64,230412,4995,460
CAM202503143,2025-03-14,Email,42006.09,351536,27567,3479
CAM202503144,2025-03-14,Affiliate,31480.73,285534,8796,1088
CAM202503145,2025-03-14,Search,48004.47,344247,7762,974
CAM202503151,2025-03-15,Google Ads,38651.25,315519,13949,2016
CAM202503152,2025-03-15,Meta,9097.56,308329,8522,876
CAM202503153,2025-03-15,Email,24599.25,163685,4925,494
CAM202503154,2025-03-15,Affiliate,26055.85,207364,4843,390
CAM202503155,2025-03-15,Search,14254.34,196770,1986,46
CAM202503161,2025-03-16,Google Ads,30830.49,151229,1883,280
CAM202503162,2025-03-16,Meta,22821.22,400623,27395,2896
CAM202503163,2025-03-16,Email,49193.27,198429,8609,882
CAM202503164,2025-03-16,Affiliate,41655.78,261565,9006,1345
CAM202503165,2025-03-16,Search,10908.5,302551,8833,1292
CAM202503171,2025-03-17,Google Ads,14154.31,492202,6947,824
CAM202503172,2025-03-17,Meta,7906.85,368751,27285,957
CAM202503173,2025-03-17,Email,46890.71,64446,4842,489
CAM202503174,2025-03-17,Affiliate,30186.71,108772,4229,439
CAM202503175,2025-03-17,Search,35656.01,358990,20438,2992
CAM202503181,2025-03-18,Google Ads,38910.23,431735,9326,1331
CAM202503182,2025-03-18,Meta,21719.85,290094,10512,1382
CAM202503183,2025-03-18,Email,33280.63,131959,6816,668
CAM202503184,2025-03-18,Affiliate,7044.64,389294,8852,498
CAM202503185,2025-03-18,Search,41722.9,247623,19464,917
CAM202503191,2025-03-19,Google Ads,34871.92,260378,12150,354
CAM202503192,2025-03-19,Meta,33932.18,177408,2585,255
CAM202503193,2025-03-19,Email,26981.92,348577,11263,1196
CAM202503194,2025-03-19,Affiliate,6419.22,297040,7782,653
CAM202503195,2025-03-19,Search,21319.73,247082,5875,362
CAM202503201,2025-03-20,Google Ads,48944.49,366354,24868,2128
CAM202503202,2025-03-20,Meta,49007.73,409048,21994,2576
CAM202503203,2025-03-20,Email,23915.53,228828,3418,155
CAM202503204,2025-03-20,Affiliate,38323.29,309385,17848,1484
CAM202503205,2025-03-20,Search,21331.69,120162,4990,715
CAM202503211,2025-03-21,Google Ads,47514.36,222994,5577,517
CAM202503212,2025-03-21,Meta,40928.65,176156,3372,338
CAM202503213,2025-03-21,Email,43864.05,334994,17459,2019
CAM202503214,2025-03-21,Affiliate,43542.96,411426,23762,1337
CAM202503215,2025-03-21,Search,13530.79,144275,1881,150
CAM202503221,2025-03-22,Google Ads,35050.63,85353,898,129
CAM202503222,2025-03-22,Meta,48091.31,461434,22254,794
CAM202503223,2025-03-22,Email,49418.36,239170,9042,345
CAM202503224,2025-03-22,Affiliate,28264.78,324885,12508,1590
CAM202503225,2025-03-22,Search,6200.22,446481,35249,2299
CAM202503231,2025-03-23,Google Ads,12002.49,229206,9678,594
CAM202503232,2025-03-23,Meta,41121.8,181380,9659,1399
CAM202503233,2025-03-23,Email,18626.43,228393,17864,2509
CAM202503234,2025-03-23,Affiliate,23542.37,166874,10403,1524
CAM202503235,2025-03-23,Search,35310.41,188429,12233,388
CAM202503241,2025-03-24,Google Ads,25178.36,63158,1890,97
CAM202503242,2025-03-24,Meta,30162.31,333689,6945,633
CAM202503243,2025-03-24,Email,11221.47,470098,22280,1867
CAM202503244,2025-03-24,Affiliate,8344.28,276913,6821,977
CAM202503245,2025-03-24,Search,30076.06,464308,34623,4683
CAM202503251,2025-03-25,Google Ads,14820.41,417255,9239,826
CAM202503252,2025-03-25,Meta,41517.35,488400,28957,2432
CAM202503253,2025-03-25,Email,42666.55,395109,5941,553
CAM202503254,2025-03-25,Affiliate,36277.45,60507,832,84
CAM202503255,2025-03-25,Search,18181.63,202682,14212,1682
CAM202503261,2025-03-26,Google Ads,30074.62,241538,7997,1195
CAM202503262,2025-03-26,Meta,30696.3,138815,6856,757
CAM202503263,2025-03-26,Email,40766.38,325791,21550,2571
CAM202503264,2025-03-26,Affiliate,23108.45,94733,2550,223
CAM202503265,2025-03-26,Search,28576.77,202226,13519,916
CAM202503271,2025-03-27,Google Ads,29216.37,280259,4245,370
CAM202503272,2025-03-27,Meta,43900.41,291749,14974,1406
CAM202503273,2025-03-27,Email,48676.86,339477,19553,2236
CAM202503274,2025-03-27,Affiliate,24512.95,303148,7177,269
CAM202503275,2025-03-27,Search,21005.23,68196,4592,250
CAM202503281,2025-03-28,Google Ads,14224.07,64863,2850,74
CAM202503282,2025-03-28,Meta,6191.12,95277,2416,280
CAM202503283,2025-03-28,Email,10235.9,351028,26790,2156
CAM202503284,2025-03-28,Affiliate,22666.23,67163,872,108
CAM202503285,2025-03-28,Search,9302.98,143882,4556,448
CAM202503291,2025-03-29,Google Ads,25182.83,156754,5355,224
CAM202503292,2025-03-29,Meta,48469.86,428275,34000,4221
CAM202503293,2025-03-29,Email,13853.61,95865,2976,104
CAM202503294,2025-03-29,Affiliate,23785.32,82617,3260,471
CAM202503295,2025-03-29,Search,7315.63,126264,1959,281
CAM202503301,2025-03-30,Google Ads,6772.93,377138,24984,3286
CAM202503302,2025-03-30,Meta,31252.16,288982,17946,1951
CAM202503303,2025-03-30,Email,28383.27,270935,8896,406
CAM202503304,2025-03-30,Affiliate,34767.39,414008,6852,190
CAM202503305,2025-03-30,Search,9562.63,228505,7024,748
CAM202503311,2025-03-31,Google Ads,26345.02,482156,17126,701
CAM202503312,2025-03-31,Meta,20595.39,260788,18875,2023
CAM202503313,2025-03-31,Email,35464.34,289511,5419,113
CAM202503314,2025-03-31,Affiliate,20238.73,475553,36330,2098
CAM202503315,2025-03-31,Search,18333.41,321322,25480,3528
