warehouse_id,product_id,available_qty,reserved_qty,reorder_level,updated_at
W101,P1001,69,3,16,2025-12-31 18:00:00
W101,P1002,119,16,38,2025-12-31 18:00:00
W101,P1003,16,0,16,2025-12-31 18:00:00
W101,P1004,197,19,34,2025-12-31 18:00:00
W101,P1005,7,0,29,2025-12-31 18:00:00
W101,P1006,215,3,39,2025-12-31 18:00:00
W101,P1007,143,28,24,2025-12-31 18:00:00
W101,P1008,70,18,30,2025-12-31 18:00:00
W101,P1009,42,19,58,2025-12-31 18:00:00
W101,P1010,228,3,49,2025-12-31 18:00:00
W101,P1011,175,19,33,2025-12-31 18:00:00
W101,P1012,198,17,14,2025-12-31 18:00:00
W101,P1013,32,21,30,2025-12-31 18:00:00
W101,P1014,144,24,23,2025-12-31 18:00:00
W101,P1015,223,7,32,2025-12-31 18:00:00
W101,P1016,72,20,16,2025-12-31 18:00:00
W101,P1017,83,8,46,2025-12-31 18:00:00
W101,P1018,17,19,43,2025-12-31 18:00:00
W101,P1019,181,15,42,2025-12-31 18:00:00
W101,P1020,31,16,44,2025-12-31 18:00:00
W101,P1021,61,5,24,2025-12-31 18:00:00
W101,P1022,123,1,56,2025-12-31 18:00:00
W101,P1023,163,22,52,2025-12-31 18:00:00
W101,P1024,146,23,39,2025-12-31 18:00:00
W101,P1025,192,1,51,2025-12-31 18:00:00
W101,P1026,106,14,25,2025-12-31 18:00:00
W101,P1027,100,14,28,2025-12-31 18:00:00
W101,P1028,237,15,49,2025-12-31 18:00:00
W101,P1029,239,18,26,2025-12-31 18:00:00
W101,P1030,176,0,46,2025-12-31 18:00:00
W101,P1031,2,13,23,2025-12-31 18:00:00
W101,P1032,216,19,40,2025-12-31 18:00:00
W101,P1033,163,22,17,2025-12-31 18:00:00
W101,P1034,2,27,36,2025-12-31 18:00:00
W101,P1035,167,10,52,2025-12-31 18:00:00
W101,P1036,13,13,42,2025-12-31 18:00:00
W101,P1037,115,27,10,2025-12-31 18:00:00
W101,P1038,183,26,13,2025-12-31 18:00:00
W101,P1039,160,1,41,2025-12-31 18:00:00
W101,P1040,86,24,21,2025-12-31 18:00:00
W101,P1041,93,0,46,2025-12-31 18:00:00
W101,P1042,10,20,27,2025-12-31 18:00:00
W101,P1043,235,4,41,2025-12-31 18:00:00
W101,P1044,48,1,53,2025-12-31 18:00:00
W101,P1045,220,29,19,2025-12-31 18:00:00
W101,P1046,201,14,21,2025-12-31 18:00:00
W101,P1047,98,5,40,2025-12-31 18:00:00
W101,P1048,144,5,49,2025-12-31 18:00:00
W101,P1049,141,19,16,2025-12-31 18:00:00
W101,P1050,200,10,34,2025-12-31 18:00:00
W101,P1051,39,29,35,2025-12-31 18:00:00
W101,P1052,196,18,12,2025-12-31 18:00:00
W101,P1053,174,10,39,2025-12-31 18:00:00
W101,P1054,139,23,21,2025-12-31 18:00:00
W101,P1055,242,12,45,2025-12-31 18:00:00
W101,P1056,157,16,37,2025-12-31 18:00:00
W101,P1057,152,25,23,2025-12-31 18:00:00
W101,P1058,65,29,56,2025-12-31 18:00:00
W101,P1059,98,9,47,2025-12-31 18:00:00
W101,P1060,230,28,22,2025-12-31 18:00:00
W101,P1061,53,15,18,2025-12-31 18:00:00
W101,P1062,233,10,23,2025-12-31 18:00:00
W101,P1063,243,25,57,2025-12-31 18:00:00
W101,P1064,125,23,30,2025-12-31 18:00:00
W101,P1065,17,19,13,2025-12-31 18:00:00
W101,P1066,49,8,42,2025-12-31 18:00:00
W101,P1067,194,5,46,2025-12-31 18:00:00
W101,P1068,177,17,40,2025-12-31 18:00:00
W101,P1069,100,4,16,2025-12-31 18:00:00
W101,P1070,25,14,40,2025-12-31 18:00:00
W101,P1071,35,3,44,2025-12-31 18:00:00
W101,P1072,156,27,59,2025-12-31 18:00:00
W101,P1073,246,3,28,2025-12-31 18:00:00
W101,P1074,118,22,56,2025-12-31 18:00:00
W101,P1075,208,28,10,2025-12-31 18:00:00
W101,P1076,7,12,50,2025-12-31 18:00:00
W101,P1077,81,7,21,2025-12-31 18:00:00
W101,P1078,186,23,27,2025-12-31 18:00:00
W101,P1079,14,6,24,2025-12-31 18:00:00
W101,P1080,117,11,18,2025-12-31 18:00:00
W101,P1081,246,12,21,2025-12-31 18:00:00
W101,P1082,98,22,58,2025-12-31 18:00:00
W101,P1083,111,16,25,2025-12-31 18:00:00
W101,P1084,174,20,18,2025-12-31 18:00:00
W101,P1085,137,29,21,2025-12-31 18:00:00
W101,P1086,124,20,13,2025-12-31 18:00:00
W101,P1087,130,18,37,2025-12-31 18:00:00
W101,P1088,79,24,24,2025-12-31 18:00:00
W101,P1089,127,9,52,2025-12-31 18:00:00
W101,P1090,112,11,24,2025-12-31 18:00:00
W101,P1091,134,23,41,2025-12-31 18:00:00
W101,P1092,44,0,17,2025-12-31 18:00:00
W101,P1093,222,3,18,2025-12-31 18:00:00
W101,P1094,102,5,15,2025-12-31 18:00:00
W101,P1095,46,0,35,2025-12-31 18:00:00
W101,P1096,73,8,59,2025-12-31 18:00:00
W101,P1097,229,0,55,2025-12-31 18:00:00
W101,P1098,15,17,39,2025-12-31 18:00:00
W101,P1099,154,14,43,2025-12-31 18:00:00
W101,P1100,26,13,54,2025-12-31 18:00:00
W102,P1001,140,20,13,2025-12-31 18:00:00
W102,P1002,123,2,37,2025-12-31 18:00:00
W102,P1003,85,23,49,2025-12-31 18:00:00
W102,P1004,24,11,56,2025-12-31 18:00:00
W102,P1005,3,3,56,2025-12-31 18:00:00
W102,P1006,114,18,22,2025-12-31 18:00:00
W102,P1007,104,19,25,2025-12-31 18:00:00
W102,P1008,209,27,40,2025-12-31 18:00:00
W102,P1009,65,6,11,2025-12-31 18:00:00
W102,P1010,194,26,57,2025-12-31 18:00:00
W102,P1011,244,4,44,2025-12-31 18:00:00
W102,P1012,63,5,36,2025-12-31 18:00:00
W102,P1013,169,22,34,2025-12-31 18:00:00
W102,P1014,31,2,12,2025-12-31 18:00:00
W102,P1015,191,17,27,2025-12-31 18:00:00
W102,P1016,199,10,24,2025-12-31 18:00:00
W102,P1017,201,17,43,2025-12-31 18:00:00
W102,P1018,200,9,11,2025-12-31 18:00:00
W102,P1019,165,10,58,2025-12-31 18:00:00
W102,P1020,75,23,46,2025-12-31 18:00:00
W102,P1021,176,19,13,2025-12-31 18:00:00
W102,P1022,206,8,37,2025-12-31 18:00:00
W102,P1023,64,6,29,2025-12-31 18:00:00
W102,P1024,108,27,29,2025-12-31 18:00:00
W102,P1025,236,20,41,2025-12-31 18:00:00
W102,P1026,238,29,32,2025-12-31 18:00:00
W102,P1027,99,19,20,2025-12-31 18:00:00
W102,P1028,44,9,38,2025-12-31 18:00:00
W102,P1029,249,21,25,2025-12-31 18:00:00
W102,P1030,190,15,58,2025-12-31 18:00:00
W102,P1031,153,29,48,2025-12-31 18:00:00
W102,P1032,128,23,53,2025-12-31 18:00:00
W102,P1033,52,22,59,2025-12-31 18:00:00
W102,P1034,131,13,11,2025-12-31 18:00:00
W102,P1035,184,29,40,2025-12-31 18:00:00
W102,P1036,241,4,35,2025-12-31 18:00:00
W102,P1037,193,10,51,2025-12-31 18:00:00
W102,P1038,27,25,12,2025-12-31 18:00:00
W102,P1039,22,24,58,2025-12-31 18:00:00
W102,P1040,102,6,38,2025-12-31 18:00:00
W102,P1041,71,9,10,2025-12-31 18:00:00
W102,P1042,153,4,47,2025-12-31 18:00:00
W102,P1043,52,26,44,2025-12-31 18:00:00
W102,P1044,124,12,25,2025-12-31 18:00:00
W102,P1045,17,2,38,2025-12-31 18:00:00
W102,P1046,213,20,52,2025-12-31 18:00:00
W102,P1047,184,10,56,2025-12-31 18:00:00
W102,P1048,51,8,43,2025-12-31 18:00:00
W102,P1049,9,22,25,2025-12-31 18:00:00
W102,P1050,180,22,13,2025-12-31 18:00:00
W102,P1051,82,29,56,2025-12-31 18:00:00
W102,P1052,136,12,40,2025-12-31 18:00:00
W102,P1053,182,1,25,2025-12-31 18:00:00
W102,P1054,2,15,16,2025-12-31 18:00:00
W102,P1055,224,11,54,2025-12-31 18:00:00
W102,P1056,236,8,46,2025-12-31 18:00:00
W102,P1057,12,29,47,2025-12-31 18:00:00
W102,P1058,169,17,14,2025-12-31 18:00:00
W102,P1059,65,20,20,2025-12-31 18:00:00
W102,P1060,160,24,54,2025-12-31 18:00:00
W102,P1061,16,16,16,2025-12-31 18:00:00
W102,P1062,61,26,46,2025-12-31 18:00:00
W102,P1063,168,22,15,2025-12-31 18:00:00
W102,P1064,128,6,14,2025-12-31 18:00:00
W102,P1065,228,12,20,2025-12-31 18:00:00
W102,P1066,209,21,25,2025-12-31 18:00:00
W102,P1067,204,21,23,2025-12-31 18:00:00
W102,P1068,63,5,26,2025-12-31 18:00:00
W102,P1069,71,10,20,2025-12-31 18:00:00
W102,P1070,33,21,27,2025-12-31 18:00:00
W102,P1071,25,21,21,2025-12-31 18:00:00
W102,P1072,100,25,24,2025-12-31 18:00:00
W102,P1073,45,21,13,2025-12-31 18:00:00
W102,P1074,128,24,31,2025-12-31 18:00:00
W102,P1075,39,23,46,2025-12-31 18:00:00
W102,P1076,95,4,37,2025-12-31 18:00:00
W102,P1077,194,0,34,2025-12-31 18:00:00
W102,P1078,84,10,21,2025-12-31 18:00:00
W102,P1079,162,26,14,2025-12-31 18:00:00
W102,P1080,5,11,45,2025-12-31 18:00:00
W102,P1081,19,22,46,2025-12-31 18:00:00
W102,P1082,83,9,22,2025-12-31 18:00:00
W102,P1083,177,4,26,2025-12-31 18:00:00
W102,P1084,69,11,55,2025-12-31 18:00:00
W102,P1085,6,1,30,2025-12-31 18:00:00
W102,P1086,114,29,23,2025-12-31 18:00:00
W102,P1087,139,20,44,2025-12-31 18:00:00
W102,P1088,83,25,27,2025-12-31 18:00:00
W102,P1089,108,1,59,2025-12-31 18:00:00
W102,P1090,227,7,36,2025-12-31 18:00:00
W102,P1091,209,2,43,2025-12-31 18:00:00
W102,P1092,187,19,49,2025-12-31 18:00:00
W102,P1093,56,13,41,2025-12-31 18:00:00
W102,P1094,244,1,21,2025-12-31 18:00:00
W102,P1095,81,25,48,2025-12-31 18:00:00
W102,P1096,211,19,36,2025-12-31 18:00:00
W102,P1097,100,16,15,2025-12-31 18:00:00
W102,P1098,28,2,16,2025-12-31 18:00:00
W102,P1099,82,12,59,2025-12-31 18:00:00
W102,P1100,229,23,20,2025-12-31 18:00:00
W103,P1001,132,14,41,2025-12-31 18:00:00
W103,P1002,16,1,24,2025-12-31 18:00:00
W103,P1003,20,11,29,2025-12-31 18:00:00
W103,P1004,240,20,19,2025-12-31 18:00:00
W103,P1005,147,3,58,2025-12-31 18:00:00
W103,P1006,13,6,36,2025-12-31 18:00:00
W103,P1007,171,15,56,2025-12-31 18:00:00
W103,P1008,48,29,22,2025-12-31 18:00:00
W103,P1009,182,9,44,2025-12-31 18:00:00
W103,P1010,2,21,50,2025-12-31 18:00:00
W103,P1011,85,23,36,2025-12-31 18:00:00
W103,P1012,80,17,38,2025-12-31 18:00:00
W103,P1013,85,9,32,2025-12-31 18:00:00
W103,P1014,6,17,39,2025-12-31 18:00:00
W103,P1015,134,21,34,2025-12-31 18:00:00
W103,P1016,83,24,22,2025-12-31 18:00:00
W103,P1017,2,7,45,2025-12-31 18:00:00
W103,P1018,87,5,33,2025-12-31 18:00:00
W103,P1019,47,22,15,2025-12-31 18:00:00
W103,P1020,49,23,45,2025-12-31 18:00:00
W103,P1021,61,28,13,2025-12-31 18:00:00
W103,P1022,45,6,35,2025-12-31 18:00:00
W103,P1023,127,10,21,2025-12-31 18:00:00
W103,P1024,150,12,54,2025-12-31 18:00:00
W103,P1025,18,26,50,2025-12-31 18:00:00
W103,P1026,110,20,47,2025-12-31 18:00:00
W103,P1027,221,15,14,2025-12-31 18:00:00
W103,P1028,193,4,54,2025-12-31 18:00:00
W103,P1029,205,21,27,2025-12-31 18:00:00
W103,P1030,15,12,22,2025-12-31 18:00:00
W103,P1031,243,23,19,2025-12-31 18:00:00
W103,P1032,4,27,35,2025-12-31 18:00:00
W103,P1033,181,18,25,2025-12-31 18:00:00
W103,P1034,204,6,50,2025-12-31 18:00:00
W103,P1035,242,2,49,2025-12-31 18:00:00
W103,P1036,169,23,49,2025-12-31 18:00:00
W103,P1037,233,3,25,2025-12-31 18:00:00
W103,P1038,121,26,42,2025-12-31 18:00:00
W103,P1039,151,10,16,2025-12-31 18:00:00
W103,P1040,92,14,15,2025-12-31 18:00:00
W103,P1041,40,23,22,2025-12-31 18:00:00
W103,P1042,59,3,31,2025-12-31 18:00:00
W103,P1043,11,15,13,2025-12-31 18:00:00
W103,P1044,21,29,31,2025-12-31 18:00:00
W103,P1045,73,4,32,2025-12-31 18:00:00
W103,P1046,58,6,27,2025-12-31 18:00:00
W103,P1047,33,14,30,2025-12-31 18:00:00
W103,P1048,108,23,13,2025-12-31 18:00:00
W103,P1049,67,10,29,2025-12-31 18:00:00
W103,P1050,9,7,22,2025-12-31 18:00:00
W103,P1051,228,2,34,2025-12-31 18:00:00
W103,P1052,41,29,35,2025-12-31 18:00:00
W103,P1053,81,27,42,2025-12-31 18:00:00
W103,P1054,48,21,46,2025-12-31 18:00:00
W103,P1055,127,1,46,2025-12-31 18:00:00
W103,P1056,83,3,30,2025-12-31 18:00:00
W103,P1057,123,3,20,2025-12-31 18:00:00
W103,P1058,159,20,17,2025-12-31 18:00:00
W103,P1059,60,24,14,2025-12-31 18:00:00
W103,P1060,147,12,47,2025-12-31 18:00:00
W103,P1061,8,4,51,2025-12-31 18:00:00
W103,P1062,79,11,45,2025-12-31 18:00:00
W103,P1063,117,13,12,2025-12-31 18:00:00
W103,P1064,158,4,30,2025-12-31 18:00:00
W103,P1065,87,20,43,2025-12-31 18:00:00
W103,P1066,160,18,24,2025-12-31 18:00:00
W103,P1067,86,26,45,2025-12-31 18:00:00
W103,P1068,183,26,13,2025-12-31 18:00:00
W103,P1069,0,1,34,2025-12-31 18:00:00
W103,P1070,179,28,41,2025-12-31 18:00:00
W103,P1071,183,27,18,2025-12-31 18:00:00
W103,P1072,168,19,20,2025-12-31 18:00:00
W103,P1073,116,1,34,2025-12-31 18:00:00
W103,P1074,133,11,34,2025-12-31 18:00:00
W103,P1075,158,28,29,2025-12-31 18:00:00
W103,P1076,177,13,55,2025-12-31 18:00:00
W103,P1077,140,22,24,2025-12-31 18:00:00
W103,P1078,165,7,38,2025-12-31 18:00:00
W103,P1079,48,17,18,2025-12-31 18:00:00
W103,P1080,126,14,51,2025-12-31 18:00:00
W103,P1081,26,7,45,2025-12-31 18:00:00
W103,P1082,228,24,37,2025-12-31 18:00:00
W103,P1083,66,13,52,2025-12-31 18:00:00
W103,P1084,52,29,23,2025-12-31 18:00:00
W103,P1085,120,17,24,2025-12-31 18:00:00
W103,P1086,37,9,10,2025-12-31 18:00:00
W103,P1087,159,7,32,2025-12-31 18:00:00
W103,P1088,76,6,57,2025-12-31 18:00:00
W103,P1089,85,17,26,2025-12-31 18:00:00
W103,P1090,101,7,59,2025-12-31 18:00:00
W103,P1091,150,11,37,2025-12-31 18:00:00
W103,P1092,239,18,57,2025-12-31 18:00:00
W103,P1093,165,20,28,2025-12-31 18:00:00
W103,P1094,131,18,51,2025-12-31 18:00:00
W103,P1095,185,9,31,2025-12-31 18:00:00
W103,P1096,91,29,20,2025-12-31 18:00:00
W103,P1097,145,7,16,2025-12-31 18:00:00
W103,P1098,34,0,52,2025-12-31 18:00:00
W103,P1099,208,0,23,2025-12-31 18:00:00
W103,P1100,106,4,28,2025-12-31 18:00:00
W104,P1001,231,11,35,2025-12-31 18:00:00
W104,P1002,210,0,51,2025-12-31 18:00:00
W104,P1003,113,19,57,2025-12-31 18:00:00
W104,P1004,172,9,50,2025-12-31 18:00:00
W104,P1005,59,11,42,2025-12-31 18:00:00
W104,P1006,112,25,22,2025-12-31 18:00:00
W104,P1007,160,7,39,2025-12-31 18:00:00
W104,P1008,233,29,48,2025-12-31 18:00:00
W104,P1009,158,13,25,2025-12-31 18:00:00
W104,P1010,9,15,47,2025-12-31 18:00:00
W104,P1011,208,28,19,2025-12-31 18:00:00
W104,P1012,231,8,45,2025-12-31 18:00:00
W104,P1013,186,19,30,2025-12-31 18:00:00
W104,P1014,30,15,14,2025-12-31 18:00:00
W104,P1015,156,7,19,2025-12-31 18:00:00
W104,P1016,140,7,55,2025-12-31 18:00:00
W104,P1017,24,26,48,2025-12-31 18:00:00
W104,P1018,76,17,28,2025-12-31 18:00:00
W104,P1019,59,9,27,2025-12-31 18:00:00
W104,P1020,132,17,50,2025-12-31 18:00:00
W104,P1021,142,23,56,2025-12-31 18:00:00
W104,P1022,221,12,36,2025-12-31 18:00:00
W104,P1023,201,19,16,2025-12-31 18:00:00
W104,P1024,238,23,43,2025-12-31 18:00:00
W104,P1025,247,5,54,2025-12-31 18:00:00
W104,P1026,81,24,13,2025-12-31 18:00:00
W104,P1027,139,3,57,2025-12-31 18:00:00
W104,P1028,122,25,46,2025-12-31 18:00:00
W104,P1029,120,5,33,2025-12-31 18:00:00
W104,P1030,80,7,26,2025-12-31 18:00:00
W104,P1031,57,25,55,2025-12-31 18:00:00
W104,P1032,46,6,11,2025-12-31 18:00:00
W104,P1033,104,18,23,2025-12-31 18:00:00
W104,P1034,131,10,10,2025-12-31 18:00:00
W104,P1035,59,22,54,2025-12-31 18:00:00
W104,P1036,105,17,37,2025-12-31 18:00:00
W104,P1037,75,20,30,2025-12-31 18:00:00
W104,P1038,12,11,18,2025-12-31 18:00:00
W104,P1039,119,13,33,2025-12-31 18:00:00
W104,P1040,42,28,15,2025-12-31 18:00:00
W104,P1041,73,9,32,2025-12-31 18:00:00
W104,P1042,106,29,52,2025-12-31 18:00:00
W104,P1043,13,17,35,2025-12-31 18:00:00
W104,P1044,232,10,32,2025-12-31 18:00:00
W104,P1045,232,14,40,2025-12-31 18:00:00
W104,P1046,77,23,14,2025-12-31 18:00:00
W104,P1047,244,5,38,2025-12-31 18:00:00
W104,P1048,16,2,45,2025-12-31 18:00:00
W104,P1049,196,10,12,2025-12-31 18:00:00
W104,P1050,7,28,47,2025-12-31 18:00:00
W104,P1051,96,7,45,2025-12-31 18:00:00
W104,P1052,223,19,51,2025-12-31 18:00:00
W104,P1053,212,9,46,2025-12-31 18:00:00
W104,P1054,58,6,59,2025-12-31 18:00:00
W104,P1055,81,24,27,2025-12-31 18:00:00
W104,P1056,231,8,10,2025-12-31 18:00:00
W104,P1057,115,17,29,2025-12-31 18:00:00
W104,P1058,66,24,28,2025-12-31 18:00:00
W104,P1059,175,2,53,2025-12-31 18:00:00
W104,P1060,187,5,36,2025-12-31 18:00:00
W104,P1061,187,23,31,2025-12-31 18:00:00
W104,P1062,29,1,59,2025-12-31 18:00:00
W104,P1063,27,10,52,2025-12-31 18:00:00
W104,P1064,237,14,43,2025-12-31 18:00:00
W104,P1065,128,3,34,2025-12-31 18:00:00
W104,P1066,195,18,38,2025-12-31 18:00:00
W104,P1067,208,5,38,2025-12-31 18:00:00
W104,P1068,46,1,57,2025-12-31 18:00:00
W104,P1069,194,29,32,2025-12-31 18:00:00
W104,P1070,144,1,19,2025-12-31 18:00:00
W104,P1071,21,10,30,2025-12-31 18:00:00
W104,P1072,52,23,40,2025-12-31 18:00:00
W104,P1073,108,12,38,2025-12-31 18:00:00
W104,P1074,94,23,50,2025-12-31 18:00:00
W104,P1075,46,28,32,2025-12-31 18:00:00
W104,P1076,49,25,30,2025-12-31 18:00:00
W104,P1077,37,16,30,2025-12-31 18:00:00
W104,P1078,61,21,30,2025-12-31 18:00:00
W104,P1079,131,1,28,2025-12-31 18:00:00
W104,P1080,10,8,49,2025-12-31 18:00:00
W104,P1081,231,10,44,2025-12-31 18:00:00
W104,P1082,176,23,14,2025-12-31 18:00:00
W104,P1083,74,20,24,2025-12-31 18:00:00
W104,P1084,163,26,51,2025-12-31 18:00:00
W104,P1085,122,6,25,2025-12-31 18:00:00
W104,P1086,137,22,55,2025-12-31 18:00:00
W104,P1087,211,6,15,2025-12-31 18:00:00
W104,P1088,31,6,27,2025-12-31 18:00:00
W104,P1089,10,28,27,2025-12-31 18:00:00
W104,P1090,39,15,15,2025-12-31 18:00:00
W104,P1091,213,29,55,2025-12-31 18:00:00
W104,P1092,98,19,17,2025-12-31 18:00:00
W104,P1093,11,16,47,2025-12-31 18:00:00
W104,P1094,3,29,31,2025-12-31 18:00:00
W104,P1095,154,1,54,2025-12-31 18:00:00
W104,P1096,141,14,41,2025-12-31 18:00:00
W104,P1097,208,0,12,2025-12-31 18:00:00
W104,P1098,128,23,57,2025-12-31 18:00:00
W104,P1099,23,11,49,2025-12-31 18:00:00
W104,P1100,238,7,58,2025-12-31 18:00:00
W105,P1001,201,7,50,2025-12-31 18:00:00
W105,P1002,144,25,51,2025-12-31 18:00:00
W105,P1003,50,21,32,2025-12-31 18:00:00
W105,P1004,190,4,23,2025-12-31 18:00:00
W105,P1005,57,27,28,2025-12-31 18:00:00
W105,P1006,58,22,42,2025-12-31 18:00:00
W105,P1007,159,26,55,2025-12-31 18:00:00
W105,P1008,89,28,37,2025-12-31 18:00:00
W105,P1009,222,20,14,2025-12-31 18:00:00
W105,P1010,232,17,32,2025-12-31 18:00:00
W105,P1011,85,18,56,2025-12-31 18:00:00
W105,P1012,35,6,13,2025-12-31 18:00:00
W105,P1013,49,0,20,2025-12-31 18:00:00
W105,P1014,119,24,37,2025-12-31 18:00:00
W105,P1015,56,2,54,2025-12-31 18:00:00
W105,P1016,45,23,23,2025-12-31 18:00:00
W105,P1017,157,26,55,2025-12-31 18:00:00
W105,P1018,24,15,34,2025-12-31 18:00:00
W105,P1019,219,23,17,2025-12-31 18:00:00
W105,P1020,217,10,44,2025-12-31 18:00:00
W105,P1021,44,7,13,2025-12-31 18:00:00
W105,P1022,30,27,17,2025-12-31 18:00:00
W105,P1023,156,23,13,2025-12-31 18:00:00
W105,P1024,74,14,26,2025-12-31 18:00:00
W105,P1025,220,5,46,2025-12-31 18:00:00
W105,P1026,108,11,26,2025-12-31 18:00:00
W105,P1027,169,10,41,2025-12-31 18:00:00
W105,P1028,8,8,33,2025-12-31 18:00:00
W105,P1029,54,3,21,2025-12-31 18:00:00
W105,P1030,133,28,43,2025-12-31 18:00:00
W105,P1031,226,16,11,2025-12-31 18:00:00
W105,P1032,36,22,40,2025-12-31 18:00:00
W105,P1033,210,12,56,2025-12-31 18:00:00
W105,P1034,89,25,17,2025-12-31 18:00:00
W105,P1035,112,29,49,2025-12-31 18:00:00
W105,P1036,98,26,32,2025-12-31 18:00:00
W105,P1037,235,2,51,2025-12-31 18:00:00
W105,P1038,168,5,24,2025-12-31 18:00:00
W105,P1039,204,22,19,2025-12-31 18:00:00
W105,P1040,16,9,24,2025-12-31 18:00:00
W105,P1041,156,22,23,2025-12-31 18:00:00
W105,P1042,99,5,11,2025-12-31 18:00:00
W105,P1043,228,23,49,2025-12-31 18:00:00
W105,P1044,241,1,28,2025-12-31 18:00:00
W105,P1045,185,18,49,2025-12-31 18:00:00
W105,P1046,93,2,37,2025-12-31 18:00:00
W105,P1047,184,22,18,2025-12-31 18:00:00
W105,P1048,158,18,25,2025-12-31 18:00:00
W105,P1049,65,5,15,2025-12-31 18:00:00
W105,P1050,136,9,42,2025-12-31 18:00:00
W105,P1051,147,17,58,2025-12-31 18:00:00
W105,P1052,32,1,27,2025-12-31 18:00:00
W105,P1053,6,22,28,2025-12-31 18:00:00
W105,P1054,36,2,54,2025-12-31 18:00:00
W105,P1055,94,13,18,2025-12-31 18:00:00
W105,P1056,197,22,27,2025-12-31 18:00:00
W105,P1057,212,10,55,2025-12-31 18:00:00
W105,P1058,241,13,38,2025-12-31 18:00:00
W105,P1059,209,3,33,2025-12-31 18:00:00
W105,P1060,239,6,28,2025-12-31 18:00:00
W105,P1061,212,21,34,2025-12-31 18:00:00
W105,P1062,32,5,52,2025-12-31 18:00:00
W105,P1063,127,28,15,2025-12-31 18:00:00
W105,P1064,95,2,17,2025-12-31 18:00:00
W105,P1065,2,16,21,2025-12-31 18:00:00
W105,P1066,40,26,32,2025-12-31 18:00:00
W105,P1067,135,18,31,2025-12-31 18:00:00
W105,P1068,34,14,57,2025-12-31 18:00:00
W105,P1069,171,21,38,2025-12-31 18:00:00
W105,P1070,90,14,30,2025-12-31 18:00:00
W105,P1071,145,25,10,2025-12-31 18:00:00
W105,P1072,119,7,59,2025-12-31 18:00:00
W105,P1073,36,1,45,2025-12-31 18:00:00
W105,P1074,67,6,35,2025-12-31 18:00:00
W105,P1075,232,4,36,2025-12-31 18:00:00
W105,P1076,89,5,35,2025-12-31 18:00:00
W105,P1077,240,7,20,2025-12-31 18:00:00
W105,P1078,41,18,23,2025-12-31 18:00:00
W105,P1079,148,2,45,2025-12-31 18:00:00
W105,P1080,48,2,13,2025-12-31 18:00:00
W105,P1081,198,28,30,2025-12-31 18:00:00
W105,P1082,40,24,10,2025-12-31 18:00:00
W105,P1083,79,28,29,2025-12-31 18:00:00
W105,P1084,189,10,23,2025-12-31 18:00:00
W105,P1085,79,26,32,2025-12-31 18:00:00
W105,P1086,217,29,47,2025-12-31 18:00:00
W105,P1087,74,17,28,2025-12-31 18:00:00
W105,P1088,146,21,58,2025-12-31 18:00:00
W105,P1089,195,13,53,2025-12-31 18:00:00
W105,P1090,202,8,15,2025-12-31 18:00:00
W105,P1091,104,21,22,2025-12-31 18:00:00
W105,P1092,247,29,10,2025-12-31 18:00:00
W105,P1093,99,7,53,2025-12-31 18:00:00
W105,P1094,196,20,46,2025-12-31 18:00:00
W105,P1095,199,22,43,2025-12-31 18:00:00
W105,P1096,245,16,14,2025-12-31 18:00:00
W105,P1097,106,20,53,2025-12-31 18:00:00
W105,P1098,160,8,20,2025-12-31 18:00:00
W105,P1099,209,6,11,2025-12-31 18:00:00
W105,P1100,162,15,42,2025-12-31 18:00:00
W106,P1001,115,18,27,2025-12-31 18:00:00
W106,P1002,115,5,44,2025-12-31 18:00:00
W106,P1003,148,9,38,2025-12-31 18:00:00
W106,P1004,58,22,39,2025-12-31 18:00:00
W106,P1005,163,18,52,2025-12-31 18:00:00
W106,P1006,203,8,30,2025-12-31 18:00:00
W106,P1007,136,22,11,2025-12-31 18:00:00
W106,P1008,229,9,31,2025-12-31 18:00:00
W106,P1009,65,16,23,2025-12-31 18:00:00
W106,P1010,227,9,25,2025-12-31 18:00:00
W106,P1011,4,21,55,2025-12-31 18:00:00
W106,P1012,144,27,30,2025-12-31 18:00:00
W106,P1013,173,25,46,2025-12-31 18:00:00
W106,P1014,39,29,11,2025-12-31 18:00:00
W106,P1015,29,6,46,2025-12-31 18:00:00
W106,P1016,219,16,27,2025-12-31 18:00:00
W106,P1017,114,20,20,2025-12-31 18:00:00
W106,P1018,57,8,34,2025-12-31 18:00:00
W106,P1019,183,15,14,2025-12-31 18:00:00
W106,P1020,61,1,29,2025-12-31 18:00:00
W106,P1021,126,7,12,2025-12-31 18:00:00
W106,P1022,25,20,31,2025-12-31 18:00:00
W106,P1023,242,16,25,2025-12-31 18:00:00
W106,P1024,22,22,27,2025-12-31 18:00:00
W106,P1025,149,13,14,2025-12-31 18:00:00
W106,P1026,233,3,40,2025-12-31 18:00:00
W106,P1027,35,28,24,2025-12-31 18:00:00
W106,P1028,131,2,50,2025-12-31 18:00:00
W106,P1029,56,2,24,2025-12-31 18:00:00
W106,P1030,141,9,27,2025-12-31 18:00:00
W106,P1031,18,21,27,2025-12-31 18:00:00
W106,P1032,219,12,45,2025-12-31 18:00:00
W106,P1033,78,2,41,2025-12-31 18:00:00
W106,P1034,155,29,47,2025-12-31 18:00:00
W106,P1035,157,0,51,2025-12-31 18:00:00
W106,P1036,42,21,44,2025-12-31 18:00:00
W106,P1037,201,9,34,2025-12-31 18:00:00
W106,P1038,15,10,54,2025-12-31 18:00:00
W106,P1039,50,28,12,2025-12-31 18:00:00
W106,P1040,93,11,59,2025-12-31 18:00:00
W106,P1041,135,25,52,2025-12-31 18:00:00
W106,P1042,138,21,47,2025-12-31 18:00:00
W106,P1043,125,28,31,2025-12-31 18:00:00
W106,P1044,181,10,26,2025-12-31 18:00:00
W106,P1045,90,5,50,2025-12-31 18:00:00
W106,P1046,107,20,19,2025-12-31 18:00:00
W106,P1047,171,0,42,2025-12-31 18:00:00
W106,P1048,113,3,26,2025-12-31 18:00:00
W106,P1049,10,2,50,2025-12-31 18:00:00
W106,P1050,217,24,16,2025-12-31 18:00:00
W106,P1051,146,18,27,2025-12-31 18:00:00
W106,P1052,142,8,58,2025-12-31 18:00:00
W106,P1053,61,7,48,2025-12-31 18:00:00
W106,P1054,58,27,41,2025-12-31 18:00:00
W106,P1055,226,16,58,2025-12-31 18:00:00
W106,P1056,202,24,18,2025-12-31 18:00:00
W106,P1057,200,9,51,2025-12-31 18:00:00
W106,P1058,1,1,46,2025-12-31 18:00:00
W106,P1059,16,9,33,2025-12-31 18:00:00
W106,P1060,59,22,40,2025-12-31 18:00:00
W106,P1061,163,7,11,2025-12-31 18:00:00
W106,P1062,14,7,21,2025-12-31 18:00:00
W106,P1063,153,25,24,2025-12-31 18:00:00
W106,P1064,148,27,33,2025-12-31 18:00:00
W106,P1065,51,14,13,2025-12-31 18:00:00
W106,P1066,249,27,11,2025-12-31 18:00:00
W106,P1067,66,4,53,2025-12-31 18:00:00
W106,P1068,216,10,36,2025-12-31 18:00:00
W106,P1069,162,29,51,2025-12-31 18:00:00
W106,P1070,170,13,46,2025-12-31 18:00:00
W106,P1071,161,17,20,2025-12-31 18:00:00
W106,P1072,4,15,55,2025-12-31 18:00:00
W106,P1073,248,15,58,2025-12-31 18:00:00
W106,P1074,2,24,20,2025-12-31 18:00:00
W106,P1075,89,10,21,2025-12-31 18:00:00
W106,P1076,71,16,11,2025-12-31 18:00:00
W106,P1077,54,8,14,2025-12-31 18:00:00
W106,P1078,224,13,39,2025-12-31 18:00:00
W106,P1079,145,9,23,2025-12-31 18:00:00
W106,P1080,22,24,47,2025-12-31 18:00:00
W106,P1081,163,21,50,2025-12-31 18:00:00
W106,P1082,0,20,59,2025-12-31 18:00:00
W106,P1083,207,7,39,2025-12-31 18:00:00
W106,P1084,65,3,25,2025-12-31 18:00:00
W106,P1085,86,28,33,2025-12-31 18:00:00
W106,P1086,210,28,41,2025-12-31 18:00:00
W106,P1087,122,14,49,2025-12-31 18:00:00
W106,P1088,81,13,26,2025-12-31 18:00:00
W106,P1089,64,9,14,2025-12-31 18:00:00
W106,P1090,215,26,44,2025-12-31 18:00:00
W106,P1091,188,12,36,2025-12-31 18:00:00
W106,P1092,248,1,18,2025-12-31 18:00:00
W106,P1093,206,2,48,2025-12-31 18:00:00
W106,P1094,92,21,59,2025-12-31 18:00:00
W106,P1095,143,0,36,2025-12-31 18:00:00
W106,P1096,20,28,27,2025-12-31 18:00:00
W106,P1097,239,29,26,2025-12-31 18:00:00
W106,P1098,85,26,43,2025-12-31 18:00:00
W106,P1099,125,25,22,2025-12-31 18:00:00
W106,P1100,167,10,14,2025-12-31 18:00:00
W107,P1001,88,4,59,2025-12-31 18:00:00
W107,P1002,64,27,49,2025-12-31 18:00:00
W107,P1003,92,24,12,2025-12-31 18:00:00
W107,P1004,42,24,28,2025-12-31 18:00:00
W107,P1005,38,4,50,2025-12-31 18:00:00
W107,P1006,118,13,28,2025-12-31 18:00:00
W107,P1007,23,29,20,2025-12-31 18:00:00
W107,P1008,97,24,12,2025-12-31 18:00:00
W107,P1009,146,15,46,2025-12-31 18:00:00
W107,P1010,226,2,28,2025-12-31 18:00:00
W107,P1011,90,24,32,2025-12-31 18:00:00
W107,P1012,104,8,38,2025-12-31 18:00:00
W107,P1013,155,15,40,2025-12-31 18:00:00
W107,P1014,218,25,38,2025-12-31 18:00:00
W107,P1015,236,11,11,2025-12-31 18:00:00
W107,P1016,191,23,12,2025-12-31 18:00:00
W107,P1017,82,8,36,2025-12-31 18:00:00
W107,P1018,71,22,38,2025-12-31 18:00:00
W107,P1019,216,25,24,2025-12-31 18:00:00
W107,P1020,138,18,32,2025-12-31 18:00:00
W107,P1021,240,1,55,2025-12-31 18:00:00
W107,P1022,242,10,24,2025-12-31 18:00:00
W107,P1023,10,3,21,2025-12-31 18:00:00
W107,P1024,208,23,54,2025-12-31 18:00:00
W107,P1025,79,8,50,2025-12-31 18:00:00
W107,P1026,137,1,49,2025-12-31 18:00:00
W107,P1027,23,0,56,2025-12-31 18:00:00
W107,P1028,246,21,26,2025-12-31 18:00:00
W107,P1029,41,14,35,2025-12-31 18:00:00
W107,P1030,12,19,12,2025-12-31 18:00:00
W107,P1031,122,3,12,2025-12-31 18:00:00
W107,P1032,80,17,56,2025-12-31 18:00:00
W107,P1033,14,15,48,2025-12-31 18:00:00
W107,P1034,81,24,32,2025-12-31 18:00:00
W107,P1035,1,7,30,2025-12-31 18:00:00
W107,P1036,156,4,35,2025-12-31 18:00:00
W107,P1037,196,11,19,2025-12-31 18:00:00
W107,P1038,171,19,29,2025-12-31 18:00:00
W107,P1039,206,24,15,2025-12-31 18:00:00
W107,P1040,149,18,20,2025-12-31 18:00:00
W107,P1041,45,4,26,2025-12-31 18:00:00
W107,P1042,63,21,55,2025-12-31 18:00:00
W107,P1043,114,24,35,2025-12-31 18:00:00
W107,P1044,243,11,47,2025-12-31 18:00:00
W107,P1045,211,27,29,2025-12-31 18:00:00
W107,P1046,88,0,40,2025-12-31 18:00:00
W107,P1047,139,11,20,2025-12-31 18:00:00
W107,P1048,216,29,59,2025-12-31 18:00:00
W107,P1049,112,22,51,2025-12-31 18:00:00
W107,P1050,195,10,54,2025-12-31 18:00:00
W107,P1051,164,2,18,2025-12-31 18:00:00
W107,P1052,120,28,46,2025-12-31 18:00:00
W107,P1053,161,18,55,2025-12-31 18:00:00
W107,P1054,135,12,29,2025-12-31 18:00:00
W107,P1055,130,6,57,2025-12-31 18:00:00
W107,P1056,230,11,46,2025-12-31 18:00:00
W107,P1057,193,18,15,2025-12-31 18:00:00
W107,P1058,21,21,15,2025-12-31 18:00:00
W107,P1059,205,12,50,2025-12-31 18:00:00
W107,P1060,31,11,17,2025-12-31 18:00:00
W107,P1061,122,2,23,2025-12-31 18:00:00
W107,P1062,73,15,10,2025-12-31 18:00:00
W107,P1063,78,21,30,2025-12-31 18:00:00
W107,P1064,149,25,35,2025-12-31 18:00:00
W107,P1065,219,29,36,2025-12-31 18:00:00
W107,P1066,120,9,53,2025-12-31 18:00:00
W107,P1067,195,5,42,2025-12-31 18:00:00
W107,P1068,66,29,26,2025-12-31 18:00:00
W107,P1069,21,29,40,2025-12-31 18:00:00
W107,P1070,226,26,32,2025-12-31 18:00:00
W107,P1071,110,25,28,2025-12-31 18:00:00
W107,P1072,58,16,39,2025-12-31 18:00:00
W107,P1073,205,4,34,2025-12-31 18:00:00
W107,P1074,143,28,21,2025-12-31 18:00:00
W107,P1075,155,17,57,2025-12-31 18:00:00
W107,P1076,107,5,37,2025-12-31 18:00:00
W107,P1077,213,4,45,2025-12-31 18:00:00
W107,P1078,126,23,25,2025-12-31 18:00:00
W107,P1079,213,4,36,2025-12-31 18:00:00
W107,P1080,125,8,16,2025-12-31 18:00:00
W107,P1081,236,12,56,2025-12-31 18:00:00
W107,P1082,80,19,37,2025-12-31 18:00:00
W107,P1083,100,14,22,2025-12-31 18:00:00
W107,P1084,33,20,23,2025-12-31 18:00:00
W107,P1085,132,16,59,2025-12-31 18:00:00
W107,P1086,208,5,12,2025-12-31 18:00:00
W107,P1087,241,2,45,2025-12-31 18:00:00
W107,P1088,199,25,26,2025-12-31 18:00:00
W107,P1089,87,7,18,2025-12-31 18:00:00
W107,P1090,57,6,58,2025-12-31 18:00:00
W107,P1091,121,15,41,2025-12-31 18:00:00
W107,P1092,40,29,30,2025-12-31 18:00:00
W107,P1093,126,7,24,2025-12-31 18:00:00
W107,P1094,42,15,58,2025-12-31 18:00:00
W107,P1095,4,13,29,2025-12-31 18:00:00
W107,P1096,172,22,54,2025-12-31 18:00:00
W107,P1097,63,6,33,2025-12-31 18:00:00
W107,P1098,32,14,23,2025-12-31 18:00:00
W107,P1099,78,21,17,2025-12-31 18:00:00
W107,P1100,95,20,34,2025-12-31 18:00:00
W108,P1001,214,0,30,2025-12-31 18:00:00
W108,P1002,1,1,30,2025-12-31 18:00:00
W108,P1003,62,4,57,2025-12-31 18:00:00
W108,P1004,197,13,57,2025-12-31 18:00:00
W108,P1005,21,27,53,2025-12-31 18:00:00
W108,P1006,116,21,24,2025-12-31 18:00:00
W108,P1007,241,14,20,2025-12-31 18:00:00
W108,P1008,26,20,57,2025-12-31 18:00:00
W108,P1009,172,20,49,2025-12-31 18:00:00
W108,P1010,71,10,47,2025-12-31 18:00:00
W108,P1011,162,7,12,2025-12-31 18:00:00
W108,P1012,187,25,30,2025-12-31 18:00:00
W108,P1013,207,25,45,2025-12-31 18:00:00
W108,P1014,247,29,26,2025-12-31 18:00:00
W108,P1015,224,16,29,2025-12-31 18:00:00
W108,P1016,59,20,50,2025-12-31 18:00:00
W108,P1017,50,14,54,2025-12-31 18:00:00
W108,P1018,245,13,54,2025-12-31 18:00:00
W108,P1019,213,8,32,2025-12-31 18:00:00
W108,P1020,29,0,40,2025-12-31 18:00:00
W108,P1021,0,9,18,2025-12-31 18:00:00
W108,P1022,63,7,37,2025-12-31 18:00:00
W108,P1023,193,16,47,2025-12-31 18:00:00
W108,P1024,134,20,24,2025-12-31 18:00:00
W108,P1025,82,4,36,2025-12-31 18:00:00
W108,P1026,45,18,46,2025-12-31 18:00:00
W108,P1027,221,14,59,2025-12-31 18:00:00
W108,P1028,117,21,58,2025-12-31 18:00:00
W108,P1029,132,27,38,2025-12-31 18:00:00
W108,P1030,16,14,49,2025-12-31 18:00:00
W108,P1031,162,7,24,2025-12-31 18:00:00
W108,P1032,180,23,18,2025-12-31 18:00:00
W108,P1033,113,4,24,2025-12-31 18:00:00
W108,P1034,234,0,37,2025-12-31 18:00:00
W108,P1035,112,10,54,2025-12-31 18:00:00
W108,P1036,222,0,24,2025-12-31 18:00:00
W108,P1037,59,1,35,2025-12-31 18:00:00
W108,P1038,98,11,45,2025-12-31 18:00:00
W108,P1039,243,19,40,2025-12-31 18:00:00
W108,P1040,118,12,35,2025-12-31 18:00:00
W108,P1041,66,15,28,2025-12-31 18:00:00
W108,P1042,93,26,14,2025-12-31 18:00:00
W108,P1043,204,4,28,2025-12-31 18:00:00
W108,P1044,181,27,50,2025-12-31 18:00:00
W108,P1045,181,11,28,2025-12-31 18:00:00
W108,P1046,82,25,40,2025-12-31 18:00:00
W108,P1047,16,0,16,2025-12-31 18:00:00
W108,P1048,142,29,33,2025-12-31 18:00:00
W108,P1049,61,13,45,2025-12-31 18:00:00
W108,P1050,0,19,57,2025-12-31 18:00:00
W108,P1051,233,5,59,2025-12-31 18:00:00
W108,P1052,28,14,29,2025-12-31 18:00:00
W108,P1053,167,23,40,2025-12-31 18:00:00
W108,P1054,191,29,35,2025-12-31 18:00:00
W108,P1055,144,16,23,2025-12-31 18:00:00
W108,P1056,113,16,11,2025-12-31 18:00:00
W108,P1057,98,8,43,2025-12-31 18:00:00
W108,P1058,97,4,37,2025-12-31 18:00:00
W108,P1059,115,19,47,2025-12-31 18:00:00
W108,P1060,246,18,35,2025-12-31 18:00:00
W108,P1061,70,20,30,2025-12-31 18:00:00
W108,P1062,240,20,23,2025-12-31 18:00:00
W108,P1063,234,13,41,2025-12-31 18:00:00
W108,P1064,180,19,38,2025-12-31 18:00:00
W108,P1065,183,26,18,2025-12-31 18:00:00
W108,P1066,141,18,56,2025-12-31 18:00:00
W108,P1067,143,4,48,2025-12-31 18:00:00
W108,P1068,200,25,20,2025-12-31 18:00:00
W108,P1069,37,1,31,2025-12-31 18:00:00
W108,P1070,27,22,39,2025-12-31 18:00:00
W108,P1071,78,8,32,2025-12-31 18:00:00
W108,P1072,35,12,41,2025-12-31 18:00:00
W108,P1073,115,14,51,2025-12-31 18:00:00
W108,P1074,95,3,36,2025-12-31 18:00:00
W108,P1075,43,25,17,2025-12-31 18:00:00
W108,P1076,181,13,34,2025-12-31 18:00:00
W108,P1077,221,24,18,2025-12-31 18:00:00
W108,P1078,215,9,28,2025-12-31 18:00:00
W108,P1079,207,4,30,2025-12-31 18:00:00
W108,P1080,28,16,41,2025-12-31 18:00:00
W108,P1081,145,28,45,2025-12-31 18:00:00
W108,P1082,9,6,34,2025-12-31 18:00:00
W108,P1083,114,5,36,2025-12-31 18:00:00
W108,P1084,132,13,52,2025-12-31 18:00:00
W108,P1085,95,23,44,2025-12-31 18:00:00
W108,P1086,242,19,34,2025-12-31 18:00:00
W108,P1087,0,19,36,2025-12-31 18:00:00
W108,P1088,224,17,44,2025-12-31 18:00:00
W108,P1089,227,28,21,2025-12-31 18:00:00
W108,P1090,61,23,16,2025-12-31 18:00:00
W108,P1091,204,4,28,2025-12-31 18:00:00
W108,P1092,213,4,12,2025-12-31 18:00:00
W108,P1093,189,24,47,2025-12-31 18:00:00
W108,P1094,116,22,44,2025-12-31 18:00:00
W108,P1095,94,22,19,2025-12-31 18:00:00
W108,P1096,106,24,17,2025-12-31 18:00:00
W108,P1097,105,18,39,2025-12-31 18:00:00
W108,P1098,239,19,11,2025-12-31 18:00:00
W108,P1099,248,6,39,2025-12-31 18:00:00
W108,P1100,218,18,13,2025-12-31 18:00:00
