product_id,category,brand,cost,selling_price,supplier_id
P1001,Electronics,Orion,6226.93,9305.38,S101
P1002,Electronics,Orion,10044.21,14226.32,S102
P1003,Sports,Aster,6905.51,9280.54,S103
P1004,Sports,Zenith,11326.56,17625.81,S104
P1005,Sports,Nova,570.56,858.57,S105
P1006,Grocery,Pulse,2247.94,3111.6,S106
P1007,Beauty,Nimbus,9251.56,14767.73,S107
P1008,Grocery,Luma,3565.03,4509.67,S108
P1009,Sports,Vertex,10024.18,12381.82,S109
P1010,Home,Vertex,5333.22,7847.31,S110
P1011,Grocery,Orion,13311.02,21776.79,S111
P1012,Electronics,Pulse,12306.96,15674.49,S112
P1013,Beauty,Luma,7443.28,9488.96,S113
P1014,Grocery,Nova,11616.14,14168.78,S114
P1015,Sports,Aster,4139.95,6542.29,S115
P1016,Grocery,Vertex,7464.47,9429.11,S116
P1017,Electronics,Vertex,3042.48,4264.31,S117
P1018,Beauty,Zenith,12927.2,21270.88,S118
P1019,Sports,Nimbus,12363.71,14293.32,S119
P1020,Sports,Nova,13542.03,19341.31,S120
P1021,Grocery,Nimbus,13174.41,18525.12,S121
P1022,Beauty,Orion,14397.98,22370.48,S122
P1023,Sports,Orion,3502.21,4649.68,S123
P1024,Beauty,Pulse,13984.18,18950.95,S124
P1025,Grocery,Nova,8611.08,10625.81,S125
P1026,Electronics,Pulse,6395.18,9723.28,S101
P1027,Home,Aster,8449.57,13032.23,S102
P1028,Electronics,Orion,5204.78,6341.15,S103
P1029,Sports,Pulse,4399.44,5924.85,S104
P1030,Home,Orion,3695.58,5899.82,S105
P1031,Home,Vertex,1328.18,1529.2,S106
P1032,Grocery,Zenith,7498.82,9743.81,S107
P1033,Home,Zenith,13327.65,19025.5,S108
P1034,Electronics,Nova,9489.26,12497.8,S109
P1035,Electronics,Pulse,7862.54,10111.4,S110
P1036,Home,Nova,6486.03,8950.84,S111
P1037,Grocery,Zenith,7019.58,8709.62,S112
P1038,Beauty,Pulse,3218.23,4553.19,S113
P1039,Grocery,Nova,12361.74,18584.0,S114
P1040,Home,Luma,3055.91,4393.32,S115
P1041,Home,Zenith,10777.68,12896.08,S116
P1042,Electronics,Nova,11423.78,17960.52,S117
P1043,Home,Pulse,8665.55,10723.52,S118
P1044,Beauty,Orion,12957.6,19856.3,S119
P1045,Grocery,Pulse,4436.65,5902.0,S120
P1046,Home,Nimbus,13236.1,20401.87,S121
P1047,Sports,Zenith,10968.22,13744.68,S122
P1048,Sports,Nimbus,12001.37,14921.68,S123
P1049,Home,Vertex,10002.24,13988.26,S124
P1050,Grocery,Orion,12710.51,14826.4,S125
P1051,Beauty,Aster,14897.17,18809.89,S101
P1052,Electronics,Orion,6360.43,9617.01,S102
P1053,Grocery,Vertex,12227.34,19180.93,S103
P1054,Grocery,Pulse,11194.24,13325.54,S104
P1055,Electronics,Nimbus,6847.77,10895.07,S105
P1056,Grocery,Nimbus,13911.54,21545.62,S106
P1057,Grocery,Luma,5976.95,9472.52,S107
P1058,Grocery,Nova,8525.44,12781.46,S108
P1059,Home,Aster,1678.54,2496.12,S109
P1060,Sports,Luma,3464.05,4893.13,S110
P1061,Beauty,Zenith,12626.37,18641.49,S111
P1062,Sports,Nova,6008.64,9671.24,S112
P1063,Sports,Vertex,5971.85,7167.78,S113
P1064,Sports,Nimbus,3765.12,4924.33,S114
P1065,Beauty,Vertex,7424.99,8807.73,S115
P1066,Sports,Nova,12106.67,19641.89,S116
P1067,Beauty,Pulse,13437.95,18445.37,S117
P1068,Electronics,Aster,1144.71,1702.95,S118
P1069,Electronics,Vertex,8664.83,13608.64,S119
P1070,Grocery,Nova,7062.37,11621.13,S120
P1071,Grocery,Orion,9252.8,11389.19,S121
P1072,Beauty,Zenith,6764.41,10483.19,S122
P1073,Electronics,Nimbus,6039.81,9625.71,S123
P1074,Sports,Vertex,7131.02,8374.94,S124
P1075,Electronics,Aster,8771.79,13394.92,S125
P1076,Home,Aster,7564.65,10041.03,S101
P1077,Home,Aster,7134.95,10519.05,S102
P1078,Electronics,Zenith,12285.75,17286.35,S103
P1079,Grocery,Nova,11210.16,14347.56,S104
P1080,Beauty,Zenith,5186.54,6315.19,S105
P1081,Home,Nimbus,12028.6,14536.25,S106
P1082,Beauty,Nimbus,12819.39,15404.57,S107
P1083,Electronics,Pulse,2387.03,3506.3,S108
P1084,Beauty,Luma,8781.97,11642.31,S109
P1085,Beauty,Nimbus,4351.15,5475.12,S110
P1086,Home,Pulse,11113.67,16625.41,S111
P1087,Grocery,Nimbus,3657.9,5462.8,S112
P1088,Home,Nova,10103.91,14343.35,S113
P1089,Electronics,Nimbus,3901.36,6310.37,S114
P1090,Beauty,Vertex,7716.04,10360.38,S115
P1091,Grocery,Pulse,14234.83,22319.24,S116
P1092,Home,Luma,5781.48,6865.91,S117
P1093,Electronics,Zenith,13148.5,19984.61,S118
P1094,Grocery,Nova,14805.47,24343.5,S119
P1095,Beauty,Vertex,13135.28,20665.72,S120
P1096,Electronics,Zenith,2571.4,3702.38,S121
P1097,Sports,Luma,12312.91,18018.5,S122
P1098,Home,Luma,579.03,768.17,S123
P1099,Grocery,Orion,5960.2,8879.16,S124
P1100,Home,Luma,13073.93,20071.07,S125
